NomImage;Numero;nbPixBoucleHaut;nbPixBoucleBas;Compacity;distSTDskel;nbPixSkelQuartBasGauche;skelXcentreGrav;skelYcentreGrav;boucleXcentreGrav;boucleYcentreGrav;diffSkelBoucleXcentreGrav;diffSkelBoucleYcentreGrav;nbPixDiagInfSkel;nbPixDiagSupSkel;minorAxisSkel;majorAxisSkel;OrientationSkel;PHI1skel;PHI2skel;PHI3skel;PHI4skel
001.pgm;1;3179;3492;1.124317;4.453438;78;47.017964;51.323353;51.815470;50.444611;-4.797506;0.878742;148;184;117.517961;137.420441;-0.316421;0.230066;240.352936;1025.665091;420.176031
002.pgm;2;0;797;1.343571;10.908481;53;55.696356;57.356275;83.283563;51.149310;-27.587207;6.206965;112;133;84.139248;122.442203;0.139276;0.191951;260.259228;1665.744968;319.442018
003.pgm;3;0;1;0.079580;15.675240;102;62.682819;36.643172;74.000000;11.000000;-11.317181;25.643172;187;33;74.524592;125.647179;0.731898;0.149949;177.246769;1280.428363;199.527601
004.pgm;4;0;1;0.079580;13.880056;37;50.074074;63.757576;71.000000;91.000000;-20.925926;-27.242424;132;165;102.932090;116.347314;-0.339405;0.239996;398.270201;2659.773304;529.970574
005.pgm;5;920;2264;2.559351;15.009114;72;48.942779;56.016349;58.906093;61.117462;-9.963314;-5.101114;125;239;76.830974;125.304324;0.365803;0.252624;468.737791;3238.792970;549.182154
006.pgm;6;1477;1812;1.548746;12.447514;124;48.704319;35.724252;53.742475;26.411067;-5.038156;9.313185;181;119;83.266336;127.848419;-0.509488;0.153608;98.265100;271.047704;128.756279
007.pgm;7;0;1;0.079580;12.159955;79;68.538117;43.636771;93.000000;37.000000;-24.461883;6.636771;165;56;78.898476;148.909938;-0.590726;0.186798;266.020921;2291.965505;366.665135
008.pgm;8;1951;0;1.472492;15.496875;0;34.208029;54.091241;19.202973;41.789851;15.005056;12.301390;86;185;77.991596;134.845640;-0.748560;0.153787;173.632270;1210.498447;199.097130
009.pgm;9;271;1974;1.110537;11.532092;73;56.100000;41.634615;68.229399;41.690869;-12.129399;-0.056253;175;78;89.535632;104.235669;0.591924;0.157580;172.939140;831.728168;178.512853
010.pgm;0;0;1;0.079580;13.955261;69;46.047771;59.990446;73.000000;88.000000;-26.952229;-28.009554;85;227;104.350541;114.398329;0.492781;0.226637;332.955018;1977.831012;423.748838
011.pgm;1;2429;2553;1.071516;1.681208;67;50.084942;47.177606;50.450422;46.675432;-0.365479;0.502175;133;124;109.559331;112.995958;-0.410451;0.162715;148.269202;661.975997;192.952426
012.pgm;2;0;951;1.307502;13.370730;25;53.890909;65.283636;81.925342;65.553102;-28.034433;-0.269466;87;185;72.407608;133.500653;0.468716;0.236713;450.929515;3961.918726;574.201968
013.pgm;3;677;423;4.132435;13.984409;131;56.191489;41.933131;39.108182;29.478182;17.083308;12.454949;193;132;84.069542;135.721534;0.263540;0.214142;322.007243;2359.015997;393.271140
014.pgm;4;1255;7;1.166330;12.287556;80;51.554377;52.551724;29.502377;60.559429;22.051999;-8.007705;162;213;112.470242;121.572932;-0.326179;0.268947;430.466999;2409.311710;607.876128
015.pgm;5;2370;3466;2.052821;12.976402;95;51.536082;46.561856;53.415696;47.252399;-1.879613;-0.690543;201;184;106.243977;126.151485;0.380380;0.253135;383.470077;2285.170180;525.720248
016.pgm;6;1988;2526;2.086211;12.112371;84;51.244681;46.489362;54.784448;36.776030;-3.539768;9.713332;198;174;108.046065;121.129362;0.496324;0.241915;346.991634;1904.803842;459.293692
017.pgm;7;0;1;0.079580;11.553398;68;61.659016;60.259016;89.000000;90.000000;-27.340984;-29.740984;151;153;94.486568;126.466754;-0.428568;0.274213;561.010182;4959.590577;782.971456
018.pgm;8;2049;0;1.286482;14.058313;0;31.655431;52.161049;19.630551;40.003416;12.024879;12.157632;78;187;76.802296;120.071791;-0.657281;0.133302;128.380711;711.093478;124.690014
019.pgm;9;0;960;1.134758;15.537159;139;54.493878;33.285714;75.889583;27.502083;-21.395706;5.783631;188;48;89.496571;97.259656;-0.344239;0.126649;98.904437;330.895146;93.666859
020.pgm;0;0;742;0.967935;15.694549;80;58.482353;40.039216;81.497305;35.721024;-23.014952;4.318191;187;66;73.847150;119.518430;0.724644;0.159552;201.013345;1257.187200;203.353804
021.pgm;1;3300;3635;1.046575;3.875923;81;49.200637;50.232484;50.902091;50.630714;-1.701454;-0.398230;149;164;122.600373;140.718435;-0.680776;0.223601;213.321743;838.800193;398.370744
022.pgm;2;0;677;1.152085;13.904449;48;65.494163;53.669261;89.081241;50.184638;-23.587077;3.484623;170;86;78.185963;131.834195;-0.749450;0.222002;407.099562;3595.673999;521.311226
023.pgm;3;1;0;0.079580;14.584029;55;43.983264;44.945607;43.000000;28.000000;0.983264;16.945607;132;106;88.679166;131.739773;0.393567;0.132187;109.912169;780.877308;136.227215
024.pgm;4;0;1;0.079580;10.276919;55;55.591440;54.782101;95.000000;77.000000;-39.408560;-22.217899;137;117;104.984334;132.224941;-0.523042;0.202338;274.043756;1910.827893;391.955872
025.pgm;5;2370;3269;1.900785;15.067444;96;52.378747;45.002725;53.989005;44.607377;-1.610259;0.395348;195;168;102.426270;133.268418;0.454410;0.239816;359.994340;2444.381547;494.615863
026.pgm;6;2397;3868;1.425514;10.435932;79;50.937322;46.894587;56.143017;44.322267;-5.205695;2.572320;156;194;116.689491;130.190853;-0.470240;0.235314;302.260930;1548.059434;455.458348
027.pgm;7;0;1;0.079580;12.373379;67;61.235955;50.602996;98.000000;70.000000;-36.764045;-19.397004;153;113;99.995129;144.895945;-0.420529;0.220212;324.751055;2532.398615;485.984186
028.pgm;8;3201;0;1.247422;13.240569;0;33.246429;59.792857;22.450484;53.645736;10.795944;6.147121;73;205;87.764607;130.891454;-0.632605;0.174516;216.382022;1373.689481;255.145960
029.pgm;9;0;1;0.079580;12.514082;91;59.146939;36.395918;95.000000;41.000000;-35.853061;-4.604082;188;55;94.997945;105.935513;-0.488485;0.149167;143.619267;613.256290;155.358636
030.pgm;0;0;439;0.939731;13.989541;98;57.682594;46.617747;76.391800;15.369021;-18.709206;31.248727;186;106;89.361461;130.906576;-0.313704;0.207169;284.377556;1841.421298;368.649691
031.pgm;1;3115;3582;1.098171;4.090683;83;51.140575;50.980831;52.720323;50.709123;-1.579747;0.271707;153;158;117.196190;141.669426;0.679380;0.229342;228.338572;872.669452;420.327842
032.pgm;2;0;1310;1.207730;13.317242;27;49.571930;64.677193;79.075573;67.344275;-29.503643;-2.667082;93;189;84.579908;141.476467;0.418024;0.237650;410.446928;3257.379808;559.239062
033.pgm;3;0;1;0.079580;16.075160;84;50.508065;41.318548;56.000000;39.000000;-5.491935;2.318548;162;84;76.354539;131.956634;0.477150;0.141631;149.417436;1127.165233;163.937421
034.pgm;4;205;0;0.894400;8.526707;56;55.140000;54.236000;28.473171;69.712195;26.666829;-15.476195;136;114;104.933241;129.148976;-0.393763;0.192815;242.894060;1618.619584;340.112136
035.pgm;5;2057;1626;2.254272;15.133535;0;46.848297;55.365325;46.373880;55.694542;0.474417;-0.329217;131;189;74.831253;129.835940;0.590846;0.215236;359.445302;2829.016323;413.898491
036.pgm;6;1953;2640;1.348699;8.598534;70;54.071174;46.153025;54.200958;42.338559;-0.129784;3.814466;133;147;97.986323;121.719079;0.449272;0.184894;225.152745;1429.941341;278.914624
037.pgm;7;0;1;0.079580;11.579213;43;53.573840;54.198312;93.000000;73.000000;-39.426160;-18.801688;129;107;86.535278;128.628307;-0.736804;0.173240;228.043785;1768.386330;276.605399
038.pgm;8;2283;0;1.167345;11.907751;0;36.476378;52.397638;28.403855;42.320193;8.072523;10.077445;84;168;76.811953;113.900216;-0.656040;0.133493;131.592075;790.087512;127.398848
039.pgm;9;0;1117;1.077854;13.857895;148;60.195833;33.125000;76.712623;29.995524;-16.516790;3.129476;193;46;83.934447;99.973054;-0.449137;0.138859;131.845995;563.361434;126.810459
040.pgm;0;1;0;0.079580;8.856346;48;45.623377;59.809524;48.000000;95.000000;-2.376623;-35.190476;81;146;100.999898;116.710828;0.251866;0.165109;174.130347;977.390186;223.093729
041.pgm;1;2840;2780;1.032272;2.766910;75;49.468864;48.139194;49.205338;48.088612;0.263526;0.050582;138;135;108.563101;128.453176;-0.578117;0.178336;150.918786;564.263480;228.906138
042.pgm;2;0;726;1.326330;13.374642;44;61.550173;52.249135;87.150138;54.600551;-25.599965;-2.351416;180;106;66.520641;137.225720;0.692235;0.230388;459.657035;4356.819615;556.044982
043.pgm;3;1;0;0.079580;11.936417;34;44.223256;54.376744;40.000000;20.000000;4.223256;34.376744;126;88;79.512127;108.640477;0.083983;0.129975;111.517214;652.483496;121.673885
044.pgm;4;32;0;0.805746;6.790414;66;57.012245;51.204082;33.156250;73.906250;23.855995;-22.702168;142;102;97.059190;131.915016;-0.275254;0.184942;223.561945;1416.901962;303.727519
045.pgm;5;2637;2271;1.952348;13.259983;86;48.700288;48.827089;47.515892;48.287490;1.184396;0.539600;171;173;92.826546;122.012766;0.334865;0.216000;301.957062;1778.089848;359.222764
046.pgm;6;974;2248;1.787236;10.347103;73;62.281356;45.325424;62.888579;38.612353;-0.607223;6.713071;203;89;78.280802;121.176056;0.680168;0.213405;363.792421;2957.311666;423.481793
047.pgm;7;0;1;0.079580;11.533954;77;58.258065;48.731183;89.000000;76.000000;-30.741935;-27.268817;155;121;91.935774;116.617380;-0.511013;0.199400;281.446363;1826.918305;344.014464
048.pgm;8;1377;0;1.265880;14.504908;0;40.665289;52.570248;22.371823;39.179375;18.293466;13.390872;93;147;61.405037;128.011671;0.555816;0.137387;148.769377;1102.206139;156.119648
049.pgm;9;17;1523;1.209665;11.786227;78;57.750000;42.737705;70.196753;41.435714;-12.446753;1.301991;184;58;75.798059;95.820337;-0.775670;0.148706;171.434978;935.364806;158.285456
050.pgm;0;0;629;0.871582;11.009933;88;61.990991;52.639640;82.472178;25.422893;-20.481187;27.216746;119;103;90.277481;117.536753;0.752453;0.177303;193.225685;997.178928;257.874604
051.pgm;1;3068;3207;1.015692;1.260656;71;50.300353;50.961131;50.126853;50.184382;0.173501;0.776748;139;144;123.258075;126.704968;-0.353090;0.200366;207.645996;1040.583456;330.985352
052.pgm;2;0;570;1.156141;10.831187;47;59.055556;58.337302;84.638596;49.487719;-25.583041;8.849582;127;121;86.410326;120.219991;0.487967;0.208172;334.656436;2551.671187;418.573624
053.pgm;3;0;1;0.079580;15.711656;123;57.936567;40.895522;69.000000;33.000000;-11.063433;7.895522;166;99;83.629524;135.950653;0.002594;0.177453;202.983681;1277.755140;250.992266
054.pgm;4;0;1;0.079580;9.951000;44;52.111111;53.260870;91.000000;65.000000;-38.888889;-11.739130;116;90;94.967635;118.153577;-0.474069;0.144662;144.624678;846.308539;173.021838
055.pgm;5;2004;1955;2.110122;15.394935;73;49.598765;47.740741;48.953524;47.538015;0.645242;0.202726;165;155;78.545900;125.357076;0.393012;0.197865;283.082653;1912.834236;312.071900
056.pgm;6;1575;1753;1.470696;13.010269;106;50.349835;42.607261;51.744591;32.415865;-1.394756;10.191395;184;117;90.124818;127.779443;-0.436300;0.178122;149.588100;604.054574;200.381672
057.pgm;7;0;1;0.079580;9.831112;72;62.948718;59.076923;83.000000;85.000000;-20.051282;-25.923077;134;138;90.110191;104.714868;-0.283187;0.236020;423.703725;3342.278164;535.518979
058.pgm;8;2279;0;1.208049;12.822764;0;34.519841;55.067460;25.037297;44.774462;9.482544;10.292998;70;180;83.948838;113.794046;-0.445123;0.137940;133.440499;797.483932;137.316910
059.pgm;9;0;1;0.079580;11.810176;68;62.354067;41.545455;94.000000;38.000000;-31.645933;3.545455;169;38;76.993362;117.271503;-0.648125;0.143041;157.518779;1008.955744;167.390733
060.pgm;0;1;0;0.079580;13.234183;29;53.228464;51.385768;47.000000;83.000000;6.228464;-31.614232;150;116;65.806721;131.104373;-0.724449;0.182059;280.145391;2299.057336;304.158035
061.pgm;1;3097;3135;0.958687;1.418922;67;49.080292;50.467153;49.963254;50.951861;-0.882962;-0.484708;132;141;123.936853;125.114034;-0.649902;0.188900;185.712873;922.636597;293.185657
062.pgm;2;0;466;1.038978;9.144122;65;51.859438;56.895582;80.673820;37.366953;-28.814382;19.528630;113;136;89.797659;128.518849;-0.136195;0.185824;205.642660;1028.939571;271.941884
063.pgm;3;0;1;0.079580;14.951488;63;49.434783;46.898551;54.000000;34.000000;-4.565217;12.898551;127;79;56.362139;117.794648;0.488508;0.118177;117.104657;891.115041;109.125064
064.pgm;4;1260;0;1.018685;9.818213;57;46.804196;56.094406;22.136508;51.068254;24.667688;5.026152;111;173;96.016568;115.732177;-0.380402;0.193065;215.150323;998.003758;277.200488
065.pgm;5;1869;2213;2.187860;12.993889;86;50.647761;45.829851;52.482362;44.820676;-1.834600;1.009175;176;154;84.839041;115.603165;0.312778;0.199348;272.727169;1591.849550;297.039170
066.pgm;6;1495;2557;1.720747;11.574317;78;52.783172;50.297735;56.927690;44.349951;-4.144519;5.947784;146;160;96.906729;113.603193;-0.341672;0.207322;257.050970;1316.477868;323.578475
067.pgm;7;0;1;0.079580;5.544311;73;58.666667;45.570776;82.000000;59.000000;-23.333333;-13.429224;132;86;89.887587;101.331538;0.645928;0.145968;138.911254;696.347842;152.246222
068.pgm;8;1662;0;1.120869;9.654612;0;39.142857;53.804762;30.212996;46.410951;8.929861;7.393811;63;144;58.566395;95.897430;0.692487;0.109541;99.364122;568.285683;78.490899
069.pgm;9;0;1;0.079580;13.888680;62;65.113537;48.104803;92.000000;65.000000;-26.886463;-16.895197;177;48;64.637634;119.077845;-0.615906;0.176357;261.833941;2129.092001;288.074422
070.pgm;0;2381;1760;1.764343;9.340318;114;47.805281;49.980198;44.757305;51.464381;3.047976;-1.484183;148;153;86.274974;106.083858;0.514085;0.180344;193.170542;788.026152;210.180964
071.pgm;1;3397;3271;1.124823;4.367657;82;47.487179;47.060897;49.075735;47.297540;-1.588555;-0.236643;152;159;118.262627;139.391689;-0.778756;0.204618;166.006707;485.937762;303.771156
072.pgm;2;0;575;0.976548;8.697807;101;59.517857;48.610714;83.146087;21.539130;-23.628230;27.071584;135;144;117.841343;125.770151;-0.155365;0.217334;272.298878;1397.263238;410.783442
073.pgm;3;1;0;0.079580;12.195551;72;44.992308;52.007692;45.000000;47.000000;-0.007692;5.007692;130;129;88.357220;94.136480;-0.529349;0.150043;147.280252;697.250014;147.784526
074.pgm;4;396;0;1.591797;8.295653;81;56.280528;49.264026;33.729798;67.505051;22.550730;-18.241024;153;148;102.749836;125.256243;0.171915;0.219216;273.171990;1322.830653;382.392074
075.pgm;5;2021;1830;2.291490;12.399292;89;50.154762;49.467262;50.327447;47.777720;-0.172686;1.689542;176;156;87.844085;109.335078;0.207180;0.208049;291.136843;1680.149192;319.936968
076.pgm;6;2057;3390;2.109661;12.948915;81;49.422572;51.461942;54.683679;46.026437;-5.261107;5.435506;155;224;107.289126;128.484485;-0.335238;0.260685;347.514901;1702.501992;523.004159
077.pgm;7;0;1;0.079580;11.433492;82;60.174917;46.415842;91.000000;67.000000;-30.825083;-20.584158;173;127;102.144874;120.450968;-0.481685;0.222230;324.367608;2027.075250;425.335031
078.pgm;8;3239;273;1.106708;9.047008;40;37.289474;52.007519;30.224089;49.399203;7.065385;2.608316;105;159;95.362005;110.263228;-0.337909;0.144266;128.281010;600.146707;138.346604
079.pgm;9;0;1;0.079580;12.884168;124;57.080851;33.017021;94.000000;32.000000;-36.919149;1.017021;170;63;88.264466;114.492843;-0.750023;0.132882;91.790146;263.443019;106.359546
080.pgm;0;39;1880;1.009200;15.428790;84;57.821678;45.045455;70.472642;65.068786;-12.650964;-20.023331;185;98;82.911242;128.209327;0.738532;0.195322;290.925976;2040.854656;337.219150
081.pgm;1;3536;3147;1.001446;2.839047;77;47.636054;47.343537;48.601227;47.914110;-0.965173;-0.570573;144;149;123.082314;134.414281;-0.722870;0.193647;162.047984;591.517246;283.260222
082.pgm;2;0;671;1.332577;9.677780;52;55.343511;62.736641;87.202683;51.265276;-31.859171;11.471366;118;144;91.389687;137.421108;0.050277;0.227968;337.664177;2334.985096;495.132070
083.pgm;3;0;1;0.079580;14.761906;98;52.036145;36.473896;58.000000;31.000000;-5.963855;5.473896;173;73;65.788094;119.385606;0.589907;0.129466;134.518377;857.339678;122.803971
084.pgm;4;88;0;0.869048;9.770634;43;55.221757;56.761506;30.545455;66.954545;24.676303;-10.193039;134;103;87.893767;131.857098;-0.599903;0.187395;267.468536;2132.715926;346.304105
085.pgm;5;2258;1724;2.434179;14.963334;84;50.621849;51.661064;49.084129;49.667755;1.537720;1.993310;177;176;81.780060;123.724176;0.617637;0.235840;419.838944;3256.999410;483.367203
086.pgm;6;1925;3415;1.702531;11.400045;80;53.655271;48.943020;58.074345;46.216479;-4.419074;2.726541;158;186;108.437610;117.667615;-0.461075;0.241298;355.447008;1990.749136;479.234252
087.pgm;7;0;1;0.079580;8.396835;73;54.649485;53.261168;76.000000;82.000000;-21.350515;-28.738832;139;151;104.080436;114.971382;0.236089;0.213202;280.327155;1528.641772;374.730567
088.pgm;8;2834;141;1.354194;11.648521;41;38.039007;52.113475;30.492437;41.992269;7.546570;10.121206;91;188;77.707257;124.856304;-0.475392;0.155509;178.272274;1218.753446;184.166484
089.pgm;9;0;1;0.079580;11.732460;84;55.285106;36.178723;88.000000;41.000000;-32.714894;-4.821277;179;54;94.104599;101.511523;0.360802;0.130727;101.327945;340.517836;105.142195
090.pgm;0;0;1;0.079580;9.354776;107;61.136000;48.172000;82.000000;71.000000;-20.864000;-22.828000;136;114;99.884315;111.004803;-0.533750;0.186296;221.315565;1152.574187;284.074571
091.pgm;1;2362;2620;0.927755;2.755061;65;50.439834;50.311203;51.308511;50.216580;-0.868677;0.094624;118;122;102.533282;121.002688;0.581922;0.160206;136.015312;559.941896;188.411335
092.pgm;2;0;432;1.269040;8.927333;76;53.629032;53.875000;85.895833;32.203704;-32.266801;21.671296;116;130;94.971136;133.670391;-0.242786;0.184984;188.750629;857.360588;267.675922
093.pgm;3;0;1;0.079580;13.127981;87;49.033962;53.181132;52.000000;40.000000;-2.966038;13.181132;140;124;83.783280;126.909326;-0.337623;0.176965;165.897035;764.549891;222.354216
094.pgm;4;1250;0;0.978895;10.841584;72;52.706790;56.179012;29.191200;71.427200;23.515590;-15.248188;152;171;105.426174;119.872881;0.008633;0.243870;371.268319;2187.452967;504.959277
095.pgm;5;2177;2800;2.118547;13.787051;93;49.936170;46.449468;52.755274;45.539883;-2.819104;0.909585;191;182;100.032235;121.770622;-0.161216;0.233245;297.319133;1380.719908;392.868642
096.pgm;6;2072;2694;1.563478;12.318075;65;51.155763;48.906542;54.675199;44.105539;-3.519436;4.801003;151;167;98.335580;120.698965;-0.763081;0.209409;290.946162;1780.616358;357.471423
097.pgm;7;0;1;0.079580;12.521957;75;60.019084;47.774809;91.000000;65.000000;-30.980916;-17.225191;157;100;91.088722;112.144591;-0.435616;0.188360;251.195767;1599.645869;293.056533
098.pgm;8;2385;13;1.367558;10.228715;3;36.172285;51.352060;27.153461;46.179733;9.018823;5.172327;101;163;77.764871;107.086274;-0.744784;0.134572;130.196513;653.104024;118.357707
099.pgm;9;0;1;0.079580;12.896649;106;62.049261;37.374384;94.000000;37.000000;-31.950739;0.374384;153;48;83.909437;101.857037;-0.575225;0.128609;119.182339;591.432741;120.593078
100.pgm;0;0;719;1.129059;12.712155;54;63.776824;52.879828;85.329624;48.591099;-21.552800;4.288730;138;92;72.966969;119.633110;0.646906;0.188521;299.167143;2475.012397;345.257864
101.pgm;1;3615;3507;1.019095;3.702527;67;47.274390;52.036585;50.175934;52.969812;-2.901543;-0.933226;148;177;125.724578;138.132517;0.614864;0.233639;282.995822;1629.626483;490.237701
102.pgm;2;0;2215;1.164057;13.599824;108;56.974684;54.009494;76.680813;42.044244;-19.706129;11.965250;164;150;104.832710;128.727817;-0.517380;0.249188;344.822892;1827.736060;513.196954
103.pgm;3;0;355;1.067266;15.475917;102;59.811404;42.307018;83.709859;19.622535;-23.898456;22.684482;139;87;87.813224;121.387110;0.064394;0.154360;161.813231;966.320692;187.450346
104.pgm;4;0;0;-nan(ind);8.449222;74;60.580000;46.224000;-nan(ind);-nan(ind);-nan(ind);-nan(ind);152;96;101.440380;143.419441;-0.306564;0.193383;229.117395;1434.271926;346.023746
105.pgm;5;2653;2134;2.001698;14.910182;72;49.040346;50.363112;47.446000;49.101525;1.594346;1.261587;167;177;87.297365;132.930080;0.546230;0.226317;364.172350;2648.319287;443.237105
106.pgm;6;2824;3312;1.136321;6.477809;75;53.643564;47.782178;52.436441;44.389016;1.207124;3.393163;151;150;115.157752;135.896118;0.513210;0.216458;273.534164;1856.905821;416.787199
107.pgm;7;0;1;0.079580;10.946842;73;59.912727;47.578182;93.000000;65.000000;-33.087273;-17.421818;157;114;100.227048;133.663482;-0.369788;0.208936;282.064015;1859.661634;388.604804
108.pgm;8;2566;0;1.252963;13.432201;0;31.325000;58.742857;19.711224;47.842946;11.613776;10.899911;73;205;88.155717;123.119658;-0.494207;0.164223;187.750994;1051.352036;207.860191
109.pgm;9;0;1695;1.070501;13.359826;114;60.065891;35.968992;75.790560;35.748673;-15.724669;0.220320;207;50;85.151956;106.969991;-0.530473;0.156607;169.601351;818.373449;172.964184
110.pgm;0;0;1;0.079580;9.488247;30;48.549801;61.721116;51.000000;93.000000;-2.450199;-31.278884;111;140;96.392677;133.053491;0.492896;0.197129;269.098826;2029.145520;368.646774
111.pgm;1;3487;3413;0.904211;4.166544;63;46.937294;48.937294;50.004203;50.262174;-3.066909;-1.324880;140;162;117.596045;143.030871;0.653555;0.204249;229.032759;1458.568393;374.273279
112.pgm;2;0;1717;1.015210;13.433981;95;49.449664;53.630872;74.126383;39.398369;-24.676719;14.232503;134;156;97.105001;133.958807;-0.559846;0.209567;207.099167;658.954882;311.475525
113.pgm;3;0;856;1.005532;13.928879;104;60.070000;55.236667;79.938084;24.384346;-19.868084;30.852321;160;139;100.721526;129.393301;-0.551679;0.250199;358.561303;2164.773352;541.344956
114.pgm;4;230;34;0.945312;9.312153;81;60.772727;49.006993;44.344697;66.405303;16.428030;-17.398310;151;133;101.081759;128.724351;-0.129788;0.222200;306.976426;1827.743673;436.190859
115.pgm;5;3051;2258;1.975165;13.950341;61;48.077135;53.765840;46.656056;53.549068;1.421079;0.216773;172;190;100.484304;127.605986;0.575781;0.248690;404.283799;2570.612477;528.260145
116.pgm;6;2160;3008;1.717803;12.077457;81;51.635294;49.720588;54.615519;42.217105;-2.980224;7.503483;160;178;108.442876;117.903703;-0.404719;0.229234;294.333055;1483.148743;399.605892
117.pgm;7;0;1;0.079580;9.382135;79;61.330909;46.465455;96.000000;50.000000;-34.669091;-3.534545;153;119;98.134610;127.403332;-0.406530;0.207265;285.334738;1888.215898;382.310790
118.pgm;8;2665;0;1.194444;12.407643;0;34.947170;56.566038;25.514447;47.865291;9.432723;8.700747;78;185;85.603529;117.995061;-0.394816;0.152354;162.767639;980.513691;173.482495
119.pgm;9;0;1183;1.051086;13.723883;146;58.533898;34.305085;74.793745;30.452240;-16.259846;3.852845;185;49;85.496097;91.893977;-0.693991;0.131869;120.834603;492.643265;110.611348
120.pgm;0;0;540;1.039843;10.138841;28;50.173077;63.603846;82.440741;55.129630;-32.267664;8.474217;104;154;95.368328;127.042510;0.270781;0.211639;304.254443;2096.945975;412.635768
121.pgm;1;3098;3306;1.155983;2.736671;82;50.616393;48.144262;50.293567;47.950031;0.322827;0.194231;153;151;120.869387;131.975143;-0.774034;0.209888;205.918237;861.432953;343.280953
122.pgm;2;64;2670;1.199490;12.725181;96;54.996667;44.186667;71.547184;46.232626;-16.550517;-2.045960;178;120;92.027675;117.876104;-0.223418;0.191245;217.060817;1056.469288;264.308908
123.pgm;3;0;951;1.031023;14.500883;101;54.309859;50.524648;78.299685;27.218717;-23.989825;23.305931;170;113;86.515479;133.140630;-0.507741;0.201016;201.502381;841.031377;289.425214
124.pgm;4;248;0;1.042560;7.582440;70;45.365385;51.298077;17.983871;53.040323;27.381514;-1.742246;145;167;108.484842;129.035254;-0.611542;0.201730;187.830189;636.437057;286.845136
125.pgm;5;1436;3297;2.544284;12.933053;88;49.912596;45.586118;57.827805;45.698922;-7.915208;-0.112804;198;187;100.649101;120.055497;0.238689;0.237420;336.940182;1805.531921;434.897179
126.pgm;6;2169;3192;1.205721;8.243222;70;50.281250;47.354167;53.592986;42.732886;-3.311736;4.621281;132;155;113.567726;117.281424;-0.405967;0.185368;185.898041;868.453298;256.890279
127.pgm;7;502;2469;1.332018;9.223318;94;57.920578;38.736462;66.535510;36.020868;-8.614932;2.715594;173;99;88.142011;101.744199;0.406742;0.165864;192.314500;1010.860316;198.317924
128.pgm;8;3046;318;1.208270;8.249453;26;37.141264;53.144981;30.514566;49.113853;6.626698;4.031129;102;164;88.748854;111.985312;-0.519947;0.147410;145.943929;759.021172;149.123338
129.pgm;9;0;1;0.079580;12.908730;109;62.393013;36.838428;97.000000;32.000000;-34.606987;4.838428;175;53;93.743566;98.899961;-0.345696;0.146801;145.194936;691.983494;155.304032
130.pgm;0;0;386;0.981553;15.828496;98;57.476868;45.010676;75.637306;83.569948;-18.160437;-38.559272;179;97;97.032364;118.566820;-0.784203;0.190986;248.643148;1643.688883;304.679725
131.pgm;1;3157;3149;1.128214;3.226378;82;50.494983;48.675585;49.335236;48.462575;1.159747;0.213010;153;144;116.816341;134.127892;-0.610452;0.206200;194.865252;757.583573;324.774100
132.pgm;2;0;145;1.111373;8.989392;57;57.792627;55.092166;83.689655;35.717241;-25.897028;19.374925;94;123;86.993382;126.208920;0.316895;0.170208;212.433883;1506.055835;266.512466
133.pgm;3;1045;475;3.142618;12.567048;111;53.483660;40.967320;37.811184;34.170395;15.672476;6.796926;188;115;77.676622;127.258142;0.144111;0.181400;224.968836;1442.389954;250.396408
134.pgm;4;288;0;1.277698;8.718675;72;50.729560;50.650943;24.906250;53.541667;25.823310;-2.890723;154;162;110.575987;118.109724;-0.547546;0.215447;277.120583;1429.131270;371.328981
135.pgm;5;1875;2531;1.861095;13.460944;62;47.361702;50.060790;51.732637;51.568089;-4.370935;-1.507299;154;172;86.609695;124.974990;0.467868;0.203790;287.137825;1776.850317;337.435480
136.pgm;6;1875;3112;1.407591;8.882617;73;54.927673;47.220126;57.424303;44.525165;-2.496630;2.694960;159;157;95.822743;123.199631;0.503805;0.215264;316.233522;2158.583196;395.166940
137.pgm;7;0;1;0.079580;13.502919;51;54.403636;52.836364;93.000000;63.000000;-38.596364;-10.163636;136;137;70.387689;130.639517;0.730642;0.196013;320.135084;2642.638151;362.042737
138.pgm;8;1414;0;1.458832;13.388531;0;30.291667;54.008333;17.845120;41.888260;12.446546;12.120073;58;180;74.796447;112.826693;-0.733345;0.119514;103.622572;548.025971;98.218733
139.pgm;9;0;1;0.079580;13.021064;136;60.008584;35.815451;91.000000;40.000000;-30.991416;-4.184549;177;54;88.930105;94.976877;-0.402211;0.138445;130.636039;553.092337;128.507899
140.pgm;0;0;1;0.079580;11.702303;75;58.157895;45.466667;75.000000;86.000000;-16.842105;-40.533333;176;107;87.541448;123.322574;0.740959;0.196053;284.272375;1955.250871;332.399216
141.pgm;1;3359;3153;1.085228;4.841544;74;48.114094;51.375839;48.623618;50.812193;-0.509524;0.563646;143;153;115.279043;140.631291;-0.648460;0.209229;184.533070;631.198030;332.414143
142.pgm;2;0;566;1.088809;9.136794;111;63.844358;49.023346;82.659011;19.818021;-18.814653;29.205325;141;116;89.599144;130.055427;-0.710188;0.206584;235.759460;1033.869947;343.310140
143.pgm;3;0;1;0.079580;11.986222;54;48.682028;53.834101;51.000000;37.000000;-2.317972;16.834101;119;97;69.310185;95.835562;0.422186;0.133288;140.234634;900.032391;131.005418
144.pgm;4;74;0;1.033462;5.496406;77;59.793893;48.251908;40.270270;72.108108;19.523623;-23.856200;148;112;107.203628;121.207821;-0.512649;0.197549;251.275484;1557.326788;345.445164
145.pgm;5;2009;2021;2.460636;13.368737;118;55.263456;46.269122;53.751117;45.201985;1.512339;1.067137;219;131;86.381202;117.444732;0.382597;0.230273;379.661678;2635.943555;434.494022
146.pgm;6;2104;3187;1.657835;9.375294;78;49.539157;51.692771;53.719146;48.295218;-4.179989;3.397553;145;185;101.423417;125.771629;-0.518911;0.224360;256.505756;1091.554907;370.356335
147.pgm;7;0;1;0.079580;7.659185;72;54.379928;48.473118;87.000000;67.000000;-32.620072;-18.526882;147;131;105.844735;115.019981;-0.454104;0.190665;226.801982;1186.001110;291.904659
148.pgm;8;2955;587;1.107287;7.375715;40;39.103053;52.671756;32.985037;49.239977;6.118017;3.431778;102;157;94.453410;105.214082;-0.614937;0.145484;135.169776;664.295199;140.844703
149.pgm;9;0;1;0.079580;11.096234;97;55.181435;37.286920;90.000000;36.000000;-34.818565;1.286920;159;76;85.169287;113.880732;-0.755336;0.135072;95.128547;267.915808;108.730312
150.pgm;0;59;1878;1.038646;14.194964;90;53.415584;48.480519;70.091895;64.234383;-16.676310;-15.753864;173;133;80.120142;124.603761;0.493878;0.202515;309.619140;2174.999446;347.451303
151.pgm;1;3633;3457;1.064776;1.528984;74;49.069841;49.177778;49.628491;50.314951;-0.558650;-1.137173;160;153;129.330159;136.097757;0.460183;0.221425;239.794975;1235.652322;419.986853
152.pgm;2;0;1480;1.446202;12.445427;90;63.902439;53.616725;84.685135;44.027703;-20.782696;9.589022;153;132;104.211263;115.366547;-0.187262;0.243056;395.518859;2586.063598;544.205273
153.pgm;3;283;0;1.151798;14.319180;83;50.234818;39.238866;8.632509;21.363958;41.602309;17.874909;135;108;70.969002;149.066686;0.284412;0.142440;146.453473;1146.435745;174.364704
154.pgm;4;390;0;1.028620;9.870048;57;53.631579;54.142857;29.879487;72.620513;23.752092;-18.477656;136;130;106.904078;133.788736;-0.194958;0.203245;252.746477;1518.004495;367.575508
155.pgm;5;2750;2125;2.283345;14.586498;99;49.984615;48.097436;49.453949;48.156308;0.530667;-0.058872;207;180;92.570839;130.885434;0.362524;0.250306;410.682567;2711.197061;520.751961
156.pgm;6;2316;2970;1.560945;12.663797;90;47.953488;45.485465;53.347900;41.398222;-5.394412;4.087243;164;177;110.759101;123.095774;-0.204295;0.209229;219.717576;833.010318;309.896323
157.pgm;7;0;1;0.079580;12.210696;50;59.635556;57.026667;91.000000;81.000000;-31.364444;-23.973333;117;107;102.751538;116.428569;-0.200492;0.187100;239.353855;1706.963412;325.113605
158.pgm;8;1788;0;1.347516;14.462279;0;31.829457;57.414729;19.511745;42.628076;12.317712;14.786653;61;194;75.872889;127.855638;-0.614825;0.146829;163.623255;1094.895688;176.511426
159.pgm;9;0;1;0.079580;12.181133;62;62.454054;39.129730;90.000000;32.000000;-27.545946;7.129730;150;33;68.974735;124.192698;-0.727672;0.123820;123.403356;834.527588;129.707644
160.pgm;0;0;670;1.005319;12.886311;97;54.692857;49.978571;73.982090;28.883582;-19.289232;21.094989;146;127;94.907051;115.268844;0.695250;0.192712;259.715130;1650.123150;305.199378
161.pgm;1;3077;3561;0.939900;1.820660;71;51.367857;51.028571;51.771015;50.191624;-0.403158;0.836947;137;143;125.300392;131.819268;-0.540653;0.204676;207.991714;1043.887441;353.655409
162.pgm;2;0;1239;1.136148;13.217105;67;65.107280;57.003831;86.369653;49.438257;-21.262373;7.565575;142;118;90.578569;122.427668;0.397772;0.233281;417.847135;3475.541384;559.085298
163.pgm;3;773;52;3.445661;13.145276;86;50.057348;42.179211;17.796364;34.037576;32.260984;8.141636;152;123;79.118094;145.416190;0.314974;0.167335;194.189002;1436.533411;239.734953
164.pgm;4;677;0;0.809786;9.678227;66;47.326389;52.972222;19.692762;62.549483;27.633627;-9.577261;132;155;107.667815;131.371958;0.582345;0.197252;186.474210;697.176278;286.668617
165.pgm;5;2437;2666;1.729282;14.624882;88;52.696697;47.333333;51.660200;46.792083;1.036497;0.541250;174;157;90.010594;130.933984;0.512926;0.219621;339.646715;2424.427686;417.993773
166.pgm;6;2630;2355;1.324106;10.591725;68;52.388535;50.474522;49.271414;42.381745;3.117121;8.092777;170;142;107.478883;127.922863;-0.112295;0.220961;271.189969;1544.325950;391.304359
167.pgm;7;0;8;0.487426;12.233377;64;62.565385;55.553846;51.875000;94.125000;10.690385;-38.571154;134;122;93.496473;111.533448;-0.074737;0.216437;332.339072;2394.817080;427.702459
168.pgm;8;2329;0;1.272765;14.731570;0;32.929688;58.109375;22.929584;44.983255;10.000104;13.126120;54;200;67.710775;134.373009;-0.486689;0.150429;184.218664;1433.065689;195.573620
169.pgm;9;0;1;0.079580;14.070553;119;57.136792;35.037736;94.000000;36.000000;-36.863208;-0.962264;163;47;89.476745;106.489814;-0.295822;0.120870;91.909598;337.893664;95.039328
170.pgm;0;0;961;0.983858;13.790466;118;58.125000;49.487179;79.931322;27.363163;-21.806322;22.124016;185;120;105.188817;114.460311;-0.378578;0.228941;338.852626;1913.139684;437.841454
171.pgm;1;3454;3451;0.871575;2.635908;68;50.430605;48.334520;50.201593;50.023027;0.229012;-1.688507;146;133;123.623314;138.657029;-0.652805;0.197719;206.578344;1213.578508;345.388977
172.pgm;2;0;908;1.119113;11.586240;88;60.277567;51.558935;80.995595;34.691630;-20.718028;16.867305;136;126;98.374151;112.673721;-0.410975;0.202247;263.908057;1425.406429;337.447351
173.pgm;3;0;37;1.344254;14.211249;76;46.769912;49.035398;68.540541;19.216216;-21.770629;29.819182;123;101;84.246623;117.646435;0.222928;0.133352;116.275892;723.195053;129.113860
174.pgm;4;334;0;0.774116;7.473164;48;49.181070;58.296296;16.691617;73.143713;32.489453;-14.847416;119;123;110.509059;122.872377;0.326749;0.182836;194.247181;1035.271442;277.675985
175.pgm;5;1656;2733;2.158120;14.252981;74;50.705382;48.626062;56.252677;49.268398;-5.547295;-0.642336;177;172;95.379127;117.312979;0.228304;0.224658;321.745971;1812.811766;394.914096
176.pgm;6;2208;2521;1.254177;8.867769;76;58.566434;49.506993;53.367308;43.872912;5.199125;5.634081;169;113;106.716531;117.670573;0.204361;0.213303;291.140951;1951.736530;391.716785
177.pgm;7;0;8;0.487426;12.536841;51;58.995633;54.458515;61.125000;67.875000;-2.129367;-13.416485;129;100;99.170071;124.595181;-0.440555;0.183913;235.839838;1686.584838;313.825567
178.pgm;8;1572;0;1.378219;13.244519;0;30.473469;52.824490;19.005089;42.307252;11.468380;10.517238;62;180;72.269799;110.593060;-0.772488;0.117843;101.350041;507.667989;91.336837
179.pgm;9;0;1;0.079580;13.197971;100;60.869767;36.860465;94.000000;38.000000;-33.130233;-1.139535;169;44;82.614635;106.315839;-0.432371;0.133232;123.789202;588.125724;125.729402
180.pgm;0;0;742;1.518773;11.646360;81;56.254072;52.986971;80.355795;41.207547;-24.101723;11.779424;141;165;91.889695;118.130128;0.510199;0.226322;371.472049;2401.231136;442.680845
181.pgm;1;2644;2707;1.259372;2.135426;74;50.177258;48.732441;49.822837;49.056999;0.354421;-0.324557;156;141;111.663811;120.211492;0.287685;0.196595;220.301609;1096.759071;301.934285
182.pgm;2;0;1294;1.188224;13.698230;22;50.415638;62.720165;74.594281;70.027048;-24.178643;-7.306883;79;161;72.985101;131.516720;0.470921;0.191715;288.860753;2315.310792;348.063953
183.pgm;3;0;1;0.079580;14.833401;65;56.322222;44.850000;62.000000;38.000000;-5.677778;6.850000;119;59;55.211681;125.383873;0.419289;0.114422;112.360585;929.811130;113.345739
184.pgm;4;596;229;1.003574;12.127031;62;54.494505;50.234432;44.243636;58.077576;10.250869;-7.843144;146;124;82.999061;105.641133;-0.235612;0.180759;233.728425;1322.023219;245.719332
185.pgm;5;2279;2270;1.802590;13.510462;76;50.619938;48.629283;50.739283;48.912948;-0.119346;-0.283664;165;153;87.685059;122.185821;0.323334;0.203540;281.399930;1756.626756;329.115625
186.pgm;6;1734;2382;1.967474;8.304150;70;54.304878;50.954268;56.112731;44.444121;-1.807853;6.510148;144;176;93.757620;112.553674;0.602728;0.225878;359.075796;2264.973228;421.545428
187.pgm;7;0;1;0.079580;11.477947;52;60.802575;55.759657;81.000000;85.000000;-20.197425;-29.240343;126;105;83.518087;100.522268;-0.556894;0.183455;264.061438;2015.314014;299.399924
188.pgm;8;1870;0;1.062369;10.880190;0;36.184874;50.626050;27.365775;40.500000;8.819099;10.126050;83;152;79.320048;94.949077;0.704780;0.114931;91.687811;373.393636;77.824784
189.pgm;9;0;1061;1.190772;11.100499;85;57.082126;41.956522;68.464656;41.034873;-11.382530;0.921649;153;46;68.868098;85.873312;0.651336;0.119564;115.111118;593.919181;94.336196
190.pgm;0;0;570;0.961799;10.035686;37;53.562753;55.441296;78.645614;51.471930;-25.082861;3.969366;126;118;83.221137;108.425102;-0.669637;0.175625;237.480818;1565.907315;258.566916
191.pgm;1;2520;2684;1.090155;2.888716;71;50.791971;50.587591;51.630477;49.506533;-0.838506;1.081058;134;138;104.871936;122.396194;-0.469683;0.185296;183.272471;813.690731;258.345983
192.pgm;2;0;708;1.645661;10.520255;16;50.580508;64.326271;73.225989;65.963277;-22.645480;-1.637006;79;154;72.904160;108.020354;0.332761;0.183082;262.895640;1841.218172;290.352756
193.pgm;3;225;395;4.633599;12.642848;99;57.362500;45.237500;56.551613;34.704839;0.810887;10.532661;144;95;67.458162;113.499448;-0.179063;0.154234;161.696838;910.284950;167.534741
194.pgm;4;0;1;0.079580;8.159114;60;60.225641;50.794872;87.000000;50.000000;-26.774359;0.794872;128;66;80.000265;123.478921;-0.287844;0.147424;157.986105;1064.695360;191.625075
195.pgm;5;1650;1241;2.477407;12.295305;70;46.131498;51.470948;47.098582;50.407471;-0.967083;1.063477;153;171;66.592926;108.720064;-0.053336;0.189441;236.219222;1118.906872;231.785954
196.pgm;6;1058;2679;1.257455;6.152546;74;59.973180;49.605364;61.309071;44.218625;-1.335891;5.386739;128;132;96.099928;103.345429;-0.284390;0.190587;252.777452;1561.738729;300.782357
197.pgm;7;0;1;0.079580;10.292116;64;60.017316;49.796537;88.000000;65.000000;-27.982684;-15.203463;148;80;81.364000;108.102778;-0.589143;0.166919;215.117941;1552.156400;235.295073
198.pgm;8;1117;0;1.222622;10.935405;0;37.188776;56.056122;26.356312;48.420770;10.832464;7.635353;49;144;58.773063;90.214056;0.544676;0.102897;85.478565;449.476001;67.486192
199.pgm;9;0;1;0.079580;9.632641;81;60.572327;36.106918;89.000000;25.000000;-28.427673;11.106918;124;33;76.286305;88.679947;-0.605637;0.092664;64.663684;304.013370;56.698354
200.pgm;0;0;379;1.028868;9.497810;35;51.555046;53.573394;76.664908;48.601583;-25.109862;4.971811;109;106;74.739250;102.699891;-0.757309;0.142493;161.976170;993.105579;156.446853
201.pgm;1;3355;3247;1.006753;3.549353;76;48.394464;49.885813;48.852923;49.495607;-0.458460;0.390206;139;148;117.495725;139.768472;0.747205;0.199826;167.233245;573.540072;301.336351
202.pgm;2;0;601;1.025401;10.624320;91;61.254545;50.654545;86.146423;32.522463;-24.891877;18.132083;153;118;104.209929;123.819249;0.599920;0.218761;328.728611;2129.897324;445.214838
203.pgm;3;0;1;0.079580;15.815388;47;51.193237;44.714976;54.000000;17.000000;-2.806763;27.714976;129;76;50.198674;129.910012;0.612688;0.120732;129.658536;1129.312810;129.268318
204.pgm;4;187;0;1.334558;6.765021;71;55.344710;52.477816;40.427807;72.652406;14.916902;-20.174591;137;155;105.152892;113.875949;0.730798;0.214432;302.517417;1895.776315;396.488635
205.pgm;5;2490;2550;1.967532;14.296811;74;49.518414;50.053824;49.834722;50.132341;-0.316309;-0.078517;172;180;93.292090;125.928175;0.276905;0.229187;337.283986;2054.324822;422.861877
206.pgm;6;1588;3151;1.698128;10.476783;78;52.482353;50.385294;58.549061;46.848280;-6.066708;3.537014;147;192;100.328850;111.585685;-0.392783;0.227814;311.762222;1552.215020;394.919421
207.pgm;7;0;1;0.079580;8.421365;75;54.931900;48.971326;85.000000;66.000000;-30.068100;-17.028674;144;134;100.579496;113.982361;0.192526;0.191393;221.297362;1047.409441;281.637439
208.pgm;8;2570;2;1.036178;9.587561;11;36.216667;51.504167;26.350700;49.413686;9.865967;2.090481;90;147;87.885431;96.003817;0.304760;0.120555;91.687348;330.918541;85.018775
209.pgm;9;0;1;0.079580;12.439714;127;58.278027;35.152466;93.000000;32.000000;-34.721973;3.152466;164;57;89.386828;98.550166;-0.563590;0.127967;103.785618;386.964184;104.189163
210.pgm;0;0;1551;1.020069;13.686182;79;50.838816;47.963816;73.399742;62.918762;-22.560926;-14.954946;172;129;87.189210;128.386033;0.422029;0.194269;262.720308;1797.360139;309.050834
211.pgm;1;2791;3190;1.134475;2.496077;76;50.873288;48.753425;51.095636;48.553419;-0.222349;0.200005;146;144;117.602049;126.318719;0.322268;0.199338;217.472136;1166.667680;325.825480
212.pgm;2;271;1880;1.406798;13.702981;62;49.101974;59.940789;67.881450;63.188749;-18.779477;-3.247960;107;194;82.895468;119.130459;0.206969;0.222540;345.936334;2093.933907;411.304029
213.pgm;3;700;360;1.099177;14.424727;51;43.500000;47.985507;46.978302;28.325472;-3.478302;19.660036;101;168;80.963194;105.800064;-0.728468;0.146395;153.211846;981.634200;148.568034
214.pgm;4;642;38;1.056188;12.247828;70;55.148515;50.851485;38.954412;63.748529;16.194103;-12.897044;148;150;96.041523;122.807128;-0.143585;0.216534;299.693193;1689.536823;382.330994
215.pgm;5;1678;2731;1.906468;13.188009;78;53.473846;45.153846;55.339533;44.849626;-1.865687;0.304220;172;147;89.960541;121.146995;0.345018;0.205446;287.442610;1785.661271;338.045702
216.pgm;6;1403;3273;2.132726;12.841635;89;50.732804;50.000000;58.052395;44.710650;-7.319591;5.289350;171;204;101.399088;116.065495;-0.400563;0.247907;347.941459;1698.323325;457.094678
217.pgm;7;0;1;0.079580;8.582927;74;53.608997;49.342561;83.000000;74.000000;-29.391003;-24.657439;140;148;104.444262;117.499495;0.322212;0.198060;224.971215;1061.124134;303.681848
218.pgm;8;1890;0;1.488185;12.014592;0;33.311787;53.980989;21.397354;47.768783;11.914433;6.212206;72;189;76.612709;106.832249;0.762907;0.134230;129.643320;616.925068;118.263053
219.pgm;9;170;1926;1.149503;13.287863;96;53.964413;37.245552;70.866412;32.938931;-16.901999;4.306620;210;69;88.733013;103.470462;-0.219797;0.153443;145.280025;598.235073;148.892699
220.pgm;0;70;2767;1.445424;13.307246;98;60.188925;45.416938;72.071907;53.483962;-11.882982;-8.067024;198;107;90.627799;117.545606;0.753781;0.216813;342.475978;2184.556095;406.104175
221.pgm;1;2108;2687;1.130565;2.863574;71;52.980843;49.114943;52.754536;48.683420;0.226307;0.431522;135;124;101.337139;117.369084;-0.359099;0.175445;176.555175;858.125323;232.082207
222.pgm;2;173;2271;1.090445;11.687503;82;50.607143;53.407143;67.548691;50.975041;-16.941548;2.432102;113;165;92.704521;109.956648;-0.254035;0.187773;220.242775;1044.046328;257.815221
223.pgm;3;0;1;0.079580;12.349375;66;48.553922;50.735294;53.000000;49.000000;-4.446078;1.735294;108;95;67.816503;104.063279;0.444982;0.120275;113.807472;734.518618;105.986708
224.pgm;4;1018;0;1.144527;10.893535;64;50.889632;58.003344;29.707269;73.058939;21.182363;-15.055595;130;168;94.184884;115.623058;0.337503;0.219589;302.145820;1642.346676;383.090900
225.pgm;5;2556;2079;1.903889;13.220013;63;47.438438;52.579580;46.860410;52.284574;0.578029;0.295006;156;175;91.750881;116.981627;0.204283;0.213002;291.114950;1566.479579;344.160297
226.pgm;6;1984;2498;1.218803;6.318954;67;54.892593;48.281481;53.890228;43.822178;1.002365;4.459304;152;116;101.176924;117.066616;0.354812;0.184697;221.104644;1388.615079;279.084545
227.pgm;7;0;1;0.079580;10.823082;63;57.040293;53.054945;77.000000;83.000000;-19.959707;-29.945055;132;141;93.269522;112.768834;-0.118020;0.202209;278.629503;1683.130157;343.143303
228.pgm;8;2110;0;1.064484;11.201393;0;36.851351;53.504505;28.161611;44.457346;8.689740;9.047159;66;153;68.946140;111.080461;-0.592512;0.117416;108.624767;698.431071;98.927976
229.pgm;9;0;1;0.079580;11.006620;73;58.718062;44.066079;91.000000;48.000000;-32.281938;-3.933921;141;84;81.742137;109.439664;-0.512843;0.148817;162.675410;931.767479;169.425679
230.pgm;0;0;84;1.095170;12.707495;79;59.941634;53.552529;86.904762;23.845238;-26.963128;29.707291;109;141;88.960394;111.096919;-0.312087;0.198581;287.780743;2000.385349;351.583402
231.pgm;1;2649;3485;1.129024;3.020980;76;52.898305;47.613559;54.065373;48.254157;-1.167068;-0.640598;155;139;115.500277;131.616878;-0.499885;0.205961;240.937595;1421.139862;367.291073
232.pgm;2;0;1591;1.428585;12.522436;79;55.281879;57.093960;78.726587;52.526084;-23.444708;4.567876;132;164;88.869845;123.916457;0.038514;0.231520;358.503575;2283.749541;458.563576
233.pgm;3;0;1;0.079580;12.220209;73;50.034632;57.896104;57.000000;50.000000;-6.965368;7.896104;120;110;82.918917;114.642760;-0.427267;0.164162;163.175042;822.769444;199.561897
234.pgm;4;0;1;0.079580;8.840274;71;50.373802;55.511182;79.000000;87.000000;-28.626198;-31.488818;148;164;113.137124;120.520131;0.110865;0.229330;307.956979;1743.922225;442.904427
235.pgm;5;2391;2122;2.640946;14.307751;79;46.056266;47.478261;46.670729;46.027255;-0.614463;1.451006;207;169;94.160805;116.668708;0.229831;0.226007;310.531040;1502.136262;360.743151
236.pgm;6;2386;1403;2.245814;10.275520;106;49.002849;47.789174;45.552652;40.784376;3.450197;7.004798;185;164;91.949897;113.566293;-0.409727;0.211288;248.508558;976.867725;293.513746
237.pgm;7;0;1;0.079580;11.716519;91;58.431907;42.801556;89.000000;48.000000;-30.568093;-5.198444;182;74;78.873929;110.130470;0.483694;0.164303;207.156431;1391.884444;211.852985
238.pgm;8;2457;0;1.511142;12.491286;0;32.536398;55.609195;23.834758;49.796500;8.701641;5.812696;57;201;66.329749;122.257686;-0.616409;0.139900;157.055698;1032.775658;148.878920
239.pgm;9;36;1254;1.141014;14.094389;117;55.848000;34.960000;71.603876;27.421705;-15.755876;7.538295;171;77;84.784435;96.364996;0.293357;0.134272;124.026993;486.541651;114.022261
240.pgm;0;0;379;0.970916;10.313202;71;53.045627;54.665399;69.654354;31.693931;-16.608726;22.971468;120;139;88.140732;120.794466;0.763549;0.189351;268.247044;1954.460288;320.320361
241.pgm;1;2637;2870;0.976865;1.719537;68;50.607692;47.942308;51.101870;48.627747;-0.494178;-0.685439;133;125;113.291078;120.781433;0.527910;0.170912;153.275229;678.819594;221.400407
242.pgm;2;0;714;1.658916;11.716818;40;54.596639;58.718487;78.481793;57.254902;-23.885154;1.463585;94;141;67.993195;111.956529;0.166802;0.178524;244.769154;1623.955860;265.445591
243.pgm;3;0;1;0.079580;12.916577;27;52.213873;55.242775;53.000000;62.000000;-0.786127;-6.757225;86;87;58.253142;131.560819;0.191072;0.122344;111.811108;855.798034;129.115793
244.pgm;4;591;0;1.066585;9.040867;64;51.361111;55.343750;28.025381;65.165821;23.335730;-9.822071;134;153;96.975328;110.806026;0.203003;0.203214;264.310669;1428.652109;323.931626
245.pgm;5;1634;1576;2.459909;13.338267;34;47.488889;56.628571;48.989720;58.406542;-1.500831;-1.777971;119;193;73.345533;115.016526;0.508782;0.208688;338.092574;2314.859732;360.148196
246.pgm;6;1331;2965;1.633998;10.020640;72;52.592357;51.490446;58.709730;48.304236;-6.117373;3.186209;137;175;99.826397;109.094500;-0.648792;0.213015;277.115635;1447.047237;346.639815
247.pgm;7;0;1;0.079580;10.662346;80;59.053942;46.846473;76.000000;83.000000;-16.946058;-36.153527;142;97;89.438162;103.971875;-0.222217;0.165267;190.164648;1109.160528;214.402357
248.pgm;8;2099;473;1.070429;8.006565;37;42.977876;54.411504;36.520995;48.166019;6.456881;6.245486;84;140;76.932436;100.523021;-0.607606;0.131287;131.161512;798.872467;122.475042
249.pgm;9;0;1181;1.104010;13.160609;139;59.526549;30.725664;72.464860;25.240474;-12.938312;5.485190;187;37;78.689216;98.532753;-0.335883;0.123877;103.644221;395.941948;95.101419
250.pgm;0;0;429;1.308893;9.740727;28;46.729839;57.556452;75.771562;57.013986;-29.041723;0.542466;106;140;92.343710;99.546072;-0.391771;0.164888;180.969704;913.540089;198.524393
251.pgm;1;2491;2630;0.822061;3.791473;65;49.717391;50.604348;50.111697;50.511814;-0.394306;0.092534;113;116;101.340738;126.631589;0.751780;0.153564;115.550311;424.073342;168.794761
252.pgm;2;0;1;0.079580;10.863848;48;56.222222;54.715556;63.000000;87.000000;-6.777778;-32.284444;94;130;73.139866;113.400822;0.497883;0.164088;217.856261;1571.608464;236.442356
253.pgm;3;0;356;1.851125;13.215447;107;59.357692;47.265385;79.418539;26.834270;-20.060847;20.431115;158;100;72.118305;110.593187;-0.295463;0.178018;213.169653;1200.690419;231.340701
254.pgm;4;8;0;0.487426;4.843861;73;55.555118;50.299213;30.125000;54.875000;25.430118;-4.575787;137;116;98.479465;117.725687;0.523970;0.180054;186.762916;853.437345;248.938202
255.pgm;5;1947;2031;1.984994;12.672094;61;50.552381;51.930159;50.306938;52.506536;0.245443;-0.576377;152;157;82.043004;115.935113;0.445110;0.205161;308.693331;2003.947562;340.463033
256.pgm;6;1979;2781;1.504660;9.991596;71;50.443333;51.170000;52.832353;47.479202;-2.389020;3.690798;133;165;97.709202;119.377600;-0.573324;0.199508;215.618722;939.667311;287.464009
257.pgm;7;1067;2495;1.418764;8.389693;75;52.601399;46.020979;58.528355;42.912970;-5.926956;3.108009;137;148;87.610273;105.820484;-0.220621;0.173443;190.241934;901.847378;207.054703
258.pgm;8;1192;0;1.687800;11.601934;0;31.391837;57.281633;20.500839;43.763423;10.890998;13.518210;57;186;77.770381;105.897415;-0.548598;0.130966;126.360401;658.207920;118.656187
259.pgm;9;0;1276;1.222386;13.710337;146;57.241636;35.776952;75.478056;30.235110;-18.236421;5.541842;203;64;85.182052;98.235046;-0.735470;0.150996;142.007471;537.949088;138.639913
260.pgm;0;0;1150;1.515753;13.462104;108;57.206349;49.536508;77.527826;62.392174;-20.321477;-12.855666;202;109;76.896506;104.270296;0.302135;0.213429;350.283042;2416.962745;363.805611
261.pgm;1;2797;3226;0.956081;2.877738;71;50.570397;51.314079;52.589407;50.559356;-2.019010;0.754724;134;142;114.342478;131.260025;-0.709367;0.196240;186.745689;817.807100;303.968257
262.pgm;2;0;1479;1.610375;12.019573;92;58.086207;45.689655;75.576741;46.567951;-17.490534;-0.878296;160;125;76.348414;103.468358;0.295132;0.188354;272.263721;1615.561121;268.374314
263.pgm;3;1;0;0.079580;10.038710;61;46.504808;50.769231;47.000000;71.000000;-0.495192;-20.230769;93;114;70.075361;90.166379;0.244968;0.115549;100.619124;509.275193;85.186990
264.pgm;4;562;0;0.975490;9.657410;66;50.653979;54.380623;25.229537;65.871886;25.424442;-11.491263;134;153;107.194659;127.159188;0.529335;0.209578;232.968687;1044.719150;346.795613
265.pgm;5;2774;1892;2.234989;12.964050;65;46.348066;52.505525;44.848264;53.087227;1.499802;-0.581702;177;182;89.526419;122.126593;0.425183;0.229439;354.515027;2143.830828;414.619759
266.pgm;6;1661;2694;1.942003;9.487308;82;55.073314;52.079179;57.800689;45.727440;-2.727375;6.351739;153;184;95.896511;113.652509;0.741851;0.243043;353.399667;1765.702291;454.030856
267.pgm;7;0;1;0.079580;11.379388;69;63.614458;57.698795;74.000000;85.000000;-10.385542;-27.301205;110;139;87.160662;112.078395;0.421785;0.215033;314.975750;2100.350146;415.756869
268.pgm;8;1934;0;1.289119;12.639504;0;34.810277;53.944664;23.763702;44.008273;11.046575;9.936391;75;176;74.950792;110.453319;-0.590797;0.132455;131.522868;723.661432;120.963279
269.pgm;9;0;946;1.768674;13.601025;122;56.743590;39.695971;76.649049;40.630021;-19.905459;-0.934050;203;67;73.481016;94.650321;0.510245;0.155419;187.352490;964.304133;162.846454
270.pgm;0;0;190;1.047103;9.966589;65;51.992883;49.263345;74.989474;26.689474;-22.996591;22.573872;145;133;87.341483;120.029026;-0.778550;0.182857;243.473444;1485.491766;270.155996
271.pgm;1;3029;2871;1.424681;5.264187;83;47.575385;48.015385;48.394237;47.861186;-0.818853;0.154198;159;164;107.732165;135.030936;0.737628;0.209101;182.543912;544.900352;301.052565
272.pgm;2;134;2395;1.468120;13.263637;95;51.136905;57.479167;70.370898;52.005536;-19.233993;5.473631;143;191;92.306795;126.134495;-0.416522;0.250177;347.718667;1487.732131;483.548755
273.pgm;3;0;623;1.355156;14.494130;101;56.621451;47.646688;76.049759;30.979133;-19.428308;16.667554;187;127;86.776456;112.249798;0.332460;0.213478;328.253131;2028.302723;358.063632
274.pgm;4;0;1;0.079580;8.073132;70;52.560137;54.955326;91.000000;74.000000;-38.439863;-19.044674;158;131;110.766237;128.662970;-0.173494;0.220698;293.782119;1741.249102;428.545389
275.pgm;5;2582;2721;1.644134;12.134053;58;47.371601;50.921450;49.751461;50.174807;-2.379860;0.746643;152;177;100.777898;115.909159;0.363441;0.208911;270.027226;1464.029466;335.098586
276.pgm;6;1783;2869;1.498810;10.528386;66;53.377483;49.559603;56.143809;43.808040;-2.766326;5.751563;139;158;101.928534;116.395075;0.422607;0.205402;272.251924;1704.603455;343.063438
277.pgm;7;0;1;0.079580;11.048098;61;57.037453;52.243446;85.000000;77.000000;-27.962547;-24.756554;139;127;90.239574;120.787298;-0.409719;0.197672;279.278738;1930.122292;339.670931
278.pgm;8;2551;0;1.174075;11.562032;0;34.837838;55.837838;25.620541;46.997256;9.217297;8.840582;78;178;81.563763;116.626626;-0.494423;0.144974;152.161268;920.400894;155.844188
279.pgm;9;0;1581;1.117490;12.566812;108;59.995902;37.442623;73.508539;36.362429;-13.512637;1.080194;196;46;82.300893;100.017795;-0.660270;0.147620;158.324860;785.705352;152.536746
280.pgm;0;0;379;1.028868;12.052593;43;48.217857;62.696429;68.857520;46.321900;-20.639663;16.374529;93;184;80.944235;116.826965;0.501709;0.210513;337.819695;2430.258196;387.029831
281.pgm;1;2492;2790;1.293421;6.204800;77;51.290102;50.167235;51.561908;50.335668;-0.271806;-0.168433;149;142;99.932200;129.089303;-0.755321;0.199623;192.200088;670.665661;287.918361
282.pgm;2;70;1765;1.282991;13.617068;59;48.268707;60.812925;70.114986;60.152044;-21.846279;0.660882;100;191;88.514950;120.460400;0.213489;0.218286;324.146026;1901.489720;396.341363
283.pgm;3;0;1;0.079580;13.039308;59;50.678414;49.233480;52.000000;57.000000;-1.321586;-7.766520;121;103;78.255515;139.274130;0.195990;0.149532;149.407962;1051.371401;185.482922
284.pgm;4;587;0;1.328725;8.372972;72;48.553459;56.827044;20.676320;67.688245;27.877139;-10.861201;145;172;102.090867;122.856156;0.674289;0.228372;285.841007;1284.728268;402.476144
285.pgm;5;2020;1837;2.644353;13.953115;78;44.332402;48.114525;46.623023;47.090226;-2.290621;1.024300;171;184;81.260610;115.588793;-0.411102;0.197907;200.690003;584.310546;231.690515
286.pgm;6;1794;2466;2.275329;10.417872;76;51.002849;49.532764;52.146714;44.715258;-1.143865;4.817505;165;182;94.998386;111.070863;0.073908;0.224285;319.858181;1744.369658;371.060139
287.pgm;7;0;1;0.079580;10.214281;61;57.495763;50.567797;80.000000;66.000000;-22.504237;-15.432203;125;110;88.345170;96.505411;-0.515299;0.163613;196.327072;1204.767883;207.422189
288.pgm;8;1510;0;1.400236;13.442871;0;30.890295;55.789030;19.662252;41.458278;11.228044;14.330751;53;182;71.326809;117.524911;-0.592056;0.124374;119.099217;699.597812;113.405594
289.pgm;9;0;1219;1.103281;12.723254;135;57.890351;33.447368;72.538146;29.913043;-14.647795;3.534325;182;44;83.376304;89.677869;0.372273;0.123283;106.916711;439.771788;93.374530
290.pgm;0;0;626;0.896989;9.954633;66;57.007813;52.011719;77.033546;38.308307;-20.025734;13.703412;124;127;81.230700;106.631411;0.457633;0.181201;252.669801;1678.480632;272.011979
291.pgm;1;2533;2362;1.124506;4.693454;66;48.848375;51.534296;48.146476;53.787334;0.701899;-2.253038;144;132;100.405136;122.825445;-0.157150;0.183233;187.102942;874.398136;253.067449
292.pgm;2;0;1164;1.102700;10.630984;108;56.254417;52.738516;74.328179;32.156357;-18.073762;20.582159;153;129;85.034783;117.289418;-0.663373;0.205391;247.466655;1099.901548;311.480877
293.pgm;3;87;506;1.315281;13.815404;56;52.714286;53.049107;56.826307;34.839798;-4.112021;18.209310;125;93;72.275788;89.377658;0.490712;0.143780;165.136318;1128.521006;155.659041
294.pgm;4;0;1;0.079580;7.491612;69;59.313901;49.273543;94.000000;50.000000;-34.686099;-0.726457;140;82;100.528121;124.596371;0.118020;0.168318;168.213732;853.919557;233.209058
295.pgm;5;1218;1945;2.029273;12.422590;84;49.961268;50.750000;53.296238;51.180525;-3.334970;-0.430525;117;165;66.423961;112.151380;-0.258167;0.174193;188.384689;839.344917;198.175628
296.pgm;6;1499;2334;1.360643;8.821416;76;48.347015;46.444030;54.865119;43.700496;-6.518104;2.743534;124;144;78.840146;121.862356;-0.547986;0.155738;116.855547;328.895868;145.209250
297.pgm;7;0;1;0.079580;6.338292;60;54.195556;48.080000;83.000000;66.000000;-28.804444;-17.920000;121;103;91.057775;98.917331;-0.470431;0.143519;143.148697;768.135901;151.524360
298.pgm;8;2118;0;1.258285;9.043998;13;32.970085;49.841880;24.186497;48.988196;8.783589;0.853684;77;155;79.213618;91.602646;0.484186;0.105016;72.705961;249.533951;58.813876
299.pgm;9;0;526;1.017290;13.119543;104;51.652174;32.594203;70.209125;19.912548;-18.556952;12.681655;144;62;69.368505;94.059188;0.440215;0.094889;52.077768;108.848863;43.734391
300.pgm;0;0;875;1.100475;13.084752;61;55.728033;44.811715;72.832000;63.292571;-17.103967;-18.480856;159;77;64.562566;116.664808;0.518252;0.148775;184.108553;1328.421990;176.417562
301.pgm;1;1670;1746;0.988598;3.485476;43;48.810427;53.786730;50.014930;54.552986;-1.204503;-0.766256;96;111;82.148645;103.089451;0.417618;0.134227;131.830966;784.046795;136.748110
302.pgm;2;0;1857;1.297447;12.726533;93;53.714754;52.895082;73.400108;45.953150;-19.685354;6.941932;133;171;93.286471;113.267299;0.011159;0.214382;302.102288;1612.752118;359.477830
303.pgm;3;0;1;0.079580;15.862082;50;52.798817;45.810651;59.000000;35.000000;-6.201183;10.810651;103;65;48.551099;134.354500;0.470105;0.104135;95.108798;829.851880;96.724311
304.pgm;4;0;1;0.079580;7.054279;79;59.145098;51.313725;92.000000;55.000000;-32.854902;-3.686275;152;101;100.529385;128.230590;-0.225900;0.198659;255.103786;1663.918490;357.132674
305.pgm;5;1769;2605;2.178093;13.321364;80;47.169916;44.002786;51.809785;42.416095;-4.639869;1.586690;187;168;93.550724;116.802433;0.041388;0.199636;229.346262;1079.317861;271.038692
306.pgm;6;1249;2977;1.661064;9.350095;76;53.142424;52.284848;60.830099;48.833649;-7.687675;3.451200;148;180;97.398918;113.195664;-0.287295;0.229402;323.522890;1781.273314;415.648589
307.pgm;7;1655;2970;1.235836;7.295025;69;54.431655;46.169065;57.238054;46.903784;-2.806399;-0.734719;139;137;94.492535;119.742812;-0.750820;0.182051;227.359695;1410.053188;275.644189
308.pgm;8;1680;0;1.009716;13.855086;0;34.986900;56.279476;24.217857;39.757738;10.769042;16.521738;55;171;63.825253;122.543859;-0.627402;0.127888;134.768572;961.965732;131.057075
309.pgm;9;0;1;0.079580;13.389508;89;55.673575;40.455959;80.000000;49.000000;-24.326425;-8.544041;140;52;66.847113;112.632775;-0.712339;0.112102;68.301943;230.125122;72.000734
310.pgm;0;0;756;1.862020;12.045476;108;57.021459;40.399142;75.230159;42.845238;-18.208700;-2.446096;180;52;70.665947;97.361718;-0.333985;0.134863;125.083468;677.860886;114.845253
311.pgm;1;2973;3219;1.095816;1.176949;76;51.017123;48.496575;51.231912;47.981266;-0.214789;0.515309;148;142;123.182281;124.993085;-0.668133;0.200881;207.041505;972.221609;325.029525
312.pgm;2;0;2043;1.421024;12.686786;98;54.970326;53.667656;77.792952;47.602056;-22.822625;6.065600;151;182;100.401198;125.225123;0.093592;0.253157;406.823220;2480.915491;542.647552
313.pgm;3;0;1;0.079580;12.813710;77;53.534137;49.899598;61.000000;55.000000;-7.465863;-5.100402;130;117;77.671606;123.652520;0.040982;0.166545;185.753840;1129.043914;212.633343
314.pgm;4;0;1;0.079580;8.147935;66;59.019455;51.630350;94.000000;70.000000;-34.980545;-18.369650;150;106;96.580782;127.476125;-0.459548;0.199114;275.825815;1988.036811;370.386564
315.pgm;5;1116;2435;2.153653;12.512804;71;47.657895;50.254386;57.712757;48.994931;-10.054862;1.259455;157;183;90.228747;110.919837;-0.045015;0.207750;265.753522;1287.409384;309.729480
316.pgm;6;2469;2522;1.552117;8.296493;72;52.109718;49.200627;50.519335;44.081948;1.590383;5.118679;146;166;103.758557;125.515548;0.298173;0.216717;289.252600;1836.544614;386.227063
317.pgm;7;0;1;0.079580;11.926018;57;58.544681;52.408511;89.000000;64.000000;-30.455319;-11.591489;137;96;80.303684;120.209760;-0.745200;0.175788;245.382788;1974.468762;282.411421
318.pgm;8;1103;0;1.257116;11.802830;0;34.365854;56.121951;20.981868;46.589302;13.383986;9.532649;43;158;62.814628;101.348380;0.601133;0.106995;89.074893;468.353028;75.981161
319.pgm;9;0;1;0.079580;11.496685;120;58.894977;37.415525;91.000000;23.000000;-32.105023;14.415525;150;67;79.493494;97.811489;-0.743990;0.128365;105.659286;406.550338;103.750226
320.pgm;0;26;951;0.967746;15.162185;0;48.347150;63.725389;66.837257;78.273286;-18.490107;-14.547897;46;144;45.066298;127.215079;0.778095;0.145460;195.843334;1805.682771;207.453415
321.pgm;1;3466;3382;0.872450;1.666096;64;50.113139;52.408759;50.410485;52.212763;-0.297346;0.195996;133;141;128.592991;132.981535;0.046527;0.202672;207.871722;1104.266702;359.405146
322.pgm;2;0;325;0.971853;6.724228;94;65.871595;50.972763;83.003077;14.381538;-17.131482;36.591224;134;122;103.842939;126.492070;0.740311;0.221309;289.088097;1630.997379;446.177829
323.pgm;3;0;381;1.544809;14.409357;98;53.333333;47.578755;68.816273;24.141732;-15.482940;23.437022;165;107;84.074456;118.024943;0.307065;0.175282;217.570539;1534.091899;242.180972
324.pgm;4;1201;247;1.253107;11.588752;74;52.527157;57.945687;34.408840;78.513122;18.118317;-20.567435;138;174;98.320824;126.975877;0.401165;0.241907;336.835905;1784.927899;478.087990
325.pgm;5;2399;2818;2.237586;13.812415;102;51.738903;46.430809;52.374161;47.477477;-0.635258;-1.046668;208;173;94.872755;126.387065;0.498430;0.244876;400.586132;2546.853706;494.908871
326.pgm;6;2404;3033;1.536504;12.234360;68;47.017964;51.092814;50.846055;46.605665;-3.828091;4.487149;138;194;107.887646;121.051750;-0.299441;0.215914;246.922352;1173.528764;343.247778
327.pgm;7;0;1;0.079580;8.134448;57;60.178404;64.779343;73.000000;88.000000;-12.821596;-23.220657;93;119;86.137221;112.808666;-0.638880;0.193338;254.824244;1768.082233;348.870038
328.pgm;8;2508;0;1.346511;12.788904;0;36.417293;56.672932;26.464115;47.157097;9.953178;9.515835;75;188;74.693488;121.693910;-0.654522;0.154608;184.601842;1259.527615;190.703405
329.pgm;9;0;1082;1.112720;12.355882;95;61.772727;41.429752;81.095194;45.100739;-19.322467;-3.670987;177;63;73.969472;109.118672;0.520190;0.160166;205.993592;1339.071073;204.847636
330.pgm;0;0;1;0.079580;13.526946;113;61.121107;51.228374;93.000000;51.000000;-31.878893;0.228374;176;113;84.965787;121.866717;-0.622016;0.223673;295.337893;1536.655589;396.222908
331.pgm;1;2660;2898;1.098611;3.490957;70;49.729242;47.281588;50.565131;47.650054;-0.835889;-0.368466;140;136;107.887736;127.617054;0.134229;0.178773;177.337178;909.036116;249.704757
332.pgm;2;0;1990;1.210733;16.213718;109;63.320285;56.444840;79.236683;38.838693;-15.916399;17.606146;175;106;75.396276;143.991856;0.720738;0.248590;308.937895;1302.488524;500.995761
333.pgm;3;0;761;1.174979;14.474979;104;52.083942;43.478102;67.003942;26.788436;-14.920001;16.689666;172;99;78.970032;113.689905;0.432591;0.158939;185.375577;1230.407688;189.219444
334.pgm;4;0;1;0.079580;12.014623;70;54.023729;51.833898;86.000000;80.000000;-31.976271;-28.166102;146;147;108.070314;125.036581;-0.143132;0.215716;279.807495;1563.499334;394.329543
335.pgm;5;2328;2077;2.446542;13.011199;68;49.366848;53.614130;49.655392;54.685131;-0.288544;-1.071000;176;188;96.973624;111.769436;0.210929;0.245827;391.817733;2243.214565;475.224836
336.pgm;6;1685;2514;1.402151;12.845178;77;50.717314;47.628975;56.703025;42.468207;-5.985710;5.160769;124;156;80.954066;122.157130;0.754868;0.174979;149.307285;382.784123;191.524621
337.pgm;7;399;3587;1.218034;12.493146;95;60.702265;52.077670;68.964375;50.105620;-8.262110;1.972050;175;131;97.553662;113.898643;0.214527;0.241096;376.652396;2242.054273;501.633342
338.pgm;8;2393;0;1.356947;12.569641;0;32.411552;54.920578;20.526118;47.636440;11.885435;7.284138;75;199;84.063178;117.405038;-0.623118;0.148747;154.030006;774.654358;155.485234
339.pgm;9;0;1;0.079580;13.099570;110;50.434599;34.257384;87.000000;45.000000;-36.565401;-10.742616;158;74;88.975855;119.124054;-0.688765;0.120844;64.697478;154.102341;80.117020
340.pgm;0;0;1;0.079580;15.126661;140;60.070313;45.792969;94.000000;40.000000;-33.929688;5.792969;167;88;68.573458;130.390197;-0.601463;0.180785;170.959095;755.015084;220.844964
341.pgm;1;2315;2907;1.102734;3.457051;73;52.144981;48.052045;52.998277;47.955573;-0.853295;0.096472;133;135;111.368124;118.170829;0.283085;0.179586;187.295813;979.327038;255.987365
342.pgm;2;133;2663;1.093397;13.041305;88;52.369718;50.095070;70.045064;51.595494;-17.675346;-1.500423;125;158;93.230512;120.711245;0.120770;0.190452;232.356066;1262.586649;281.363337
343.pgm;3;0;15;0.763966;13.519916;90;52.471631;50.099291;62.000000;11.000000;-9.528369;39.099291;152;126;77.011625;110.344223;0.492533;0.180336;249.537111;1846.504130;266.786237
344.pgm;4;293;0;0.882440;8.086138;55;47.727612;55.518657;15.849829;71.412969;31.877783;-15.894313;135;132;117.815270;136.699843;0.105443;0.198205;205.621820;1031.965978;326.843001
345.pgm;5;0;2261;1.053403;13.870487;75;55.866883;53.344156;76.358249;59.591331;-20.491365;-6.247175;167;139;93.961862;111.945269;0.323626;0.224894;354.985404;2320.828815;435.779535
346.pgm;6;1567;3098;1.681940;9.990569;86;53.816514;48.990826;59.465809;42.790782;-5.649295;6.200043;139;186;94.575248;120.894364;-0.709141;0.221340;262.355950;995.355622;351.828318
347.pgm;7;8;0;0.487426;7.750360;73;56.833333;54.054348;34.875000;95.125000;21.958333;-41.070652;143;132;109.343824;133.794625;0.209323;0.221296;273.613474;1445.921749;428.023600
348.pgm;8;2883;722;1.097760;8.992079;44;41.863469;53.859779;34.088488;47.921221;7.774980;5.938558;109;159;92.931026;119.252628;-0.663912;0.164823;183.784864;1195.838132;211.373890
349.pgm;9;98;2727;1.016931;11.655319;89;58.664151;44.154717;70.290619;47.169204;-11.626469;-3.014487;171;90;91.622641;115.117897;-0.517217;0.178717;220.487538;1228.249216;255.971085
350.pgm;0;0;1517;1.149055;14.334269;96;57.218855;47.845118;77.066579;67.098879;-19.847724;-19.253762;184;112;85.597886;130.492204;0.648798;0.210435;335.475585;2795.216104;410.831330
351.pgm;1;2805;2777;0.919773;2.065540;61;50.527559;48.751969;49.660874;48.797743;0.866685;-0.045774;131;122;111.357757;124.785915;-0.764314;0.169622;169.613803;982.722874;235.739091
352.pgm;2;0;824;1.211468;10.870362;87;57.277397;54.130137;77.332524;35.008495;-20.055127;19.121642;148;142;102.519114;129.865896;0.308505;0.231315;356.477505;2513.585576;494.779590
353.pgm;3;0;179;0.940731;14.733841;104;58.733068;37.023904;78.910615;12.346369;-20.177547;24.677536;177;72;81.683529;134.462567;0.404210;0.159821;190.744785;1431.405612;223.382873
354.pgm;4;758;0;1.412699;10.962050;75;48.783708;54.778090;21.964380;62.122691;26.819328;-7.344601;155;200;113.487358;124.584992;0.579352;0.254737;347.785679;1730.437428;520.914420
355.pgm;5;2379;2395;2.018734;14.621312;87;51.433908;48.965517;50.911605;48.300587;0.522304;0.664931;176;170;90.435392;128.779841;0.369617;0.229358;356.852058;2475.085584;443.323538
356.pgm;6;2307;3547;1.489382;9.808439;75;49.800604;52.761329;55.989409;49.420567;-6.188805;3.340762;142;188;110.224692;128.334638;-0.630611;0.233440;274.210521;1268.646366;428.355005
357.pgm;7;0;1;0.079580;9.219794;77;58.935018;50.812274;93.000000;70.000000;-34.064982;-19.187726;158;118;97.482471;125.314170;-0.551884;0.211368;311.903094;2242.976793;410.839466
358.pgm;8;2488;0;1.166861;12.640432;0;33.628458;57.371542;24.008039;47.870177;9.620420;9.501365;63;187;78.587593;120.045840;-0.590965;0.144439;155.803665;1011.799271;162.159385
359.pgm;9;0;1567;1.157945;13.446951;133;57.361868;33.688716;72.181876;29.609445;-14.820008;4.079271;204;51;89.936875;96.811306;-0.177870;0.141777;128.674089;479.966859;124.749061
360.pgm;0;1834;2281;1.307314;9.377690;75;51.538206;51.744186;54.323451;58.479465;-2.785245;-6.735279;142;158;95.839657;122.007306;0.442243;0.205826;285.440241;1676.868803;358.149813
361.pgm;1;3178;3210;0.848631;1.993284;65;48.471264;50.938697;49.566374;49.770038;-1.095110;1.168660;125;135;120.463469;132.369405;-0.710687;0.181298;154.154523;653.265477;258.357252
362.pgm;2;0;1213;0.929044;11.535669;115;56.328671;52.188811;79.479802;30.737016;-23.151131;21.451796;151;134;105.903176;137.168602;-0.211077;0.222322;270.714153;1437.436959;416.349229
363.pgm;3;0;1;0.079580;13.910579;60;50.469697;47.035354;54.000000;57.000000;-3.530303;-9.964646;110;82;59.617263;114.124378;0.616773;0.114754;111.488664;806.701437;102.844789
364.pgm;4;345;0;1.066600;9.746704;49;54.406250;56.026786;39.014493;78.892754;15.391757;-22.865968;118;105;80.528067;118.993726;-0.251946;0.165520;202.724221;1365.249355;232.580296
365.pgm;5;1827;1404;2.143434;15.541357;78;53.393220;47.383051;49.296193;45.000929;4.097027;2.382122;181;110;65.344244;133.747725;0.559017;0.191186;303.632621;2646.461235;333.669771
366.pgm;6;1667;3440;1.497478;9.001304;80;53.365559;49.015106;58.283728;45.360681;-4.918169;3.654424;150;180;110.115710;118.575644;-0.443030;0.227959;312.169879;1804.842812;427.679126
367.pgm;7;0;1;0.079580;9.657347;65;62.276316;57.013158;83.000000;85.000000;-20.723684;-27.986842;111;116;94.291778;104.045424;0.368864;0.190633;257.672494;1838.077154;329.075466
368.pgm;8;2151;0;1.279936;10.881645;0;36.514170;56.497976;27.493259;47.905160;9.020911;8.592815;71;173;74.298814;107.743767;-0.668657;0.138218;146.454187;887.061948;138.184646
369.pgm;9;0;1;0.079580;12.186135;98;61.788043;37.630435;91.000000;34.000000;-29.211957;3.630435;144;38;72.579547;106.928668;-0.539416;0.115509;100.978877;544.029631;98.421713
370.pgm;0;0;1017;1.034851;15.090566;79;54.522901;52.625954;71.255654;58.858407;-16.732753;-6.232453;148;112;70.517153;116.775835;-0.382051;0.180919;199.928579;1003.817818;230.999899
371.pgm;1;2886;2942;1.132579;3.908631;78;50.135417;48.458333;50.343857;48.770762;-0.208441;-0.312429;146;140;110.635288;131.502475;0.661110;0.193179;171.995093;591.866917;274.955860
372.pgm;2;0;1363;1.647880;11.989834;65;50.847176;58.803987;76.785033;56.416728;-25.937857;2.387259;123;175;90.544447;127.752657;0.022736;0.228031;327.711089;1836.469067;428.735738
373.pgm;3;0;532;1.378586;10.918840;97;50.206081;53.729730;69.817669;24.917293;-19.611588;28.812436;158;136;104.938713;124.128168;-0.452172;0.208940;235.357882;1148.250075;332.122689
374.pgm;4;0;1;0.079580;6.907984;61;56.008230;52.300412;96.000000;63.000000;-39.991770;-10.699588;130;112;113.308853;138.071924;-0.157068;0.191148;211.077385;1272.489341;334.899445
375.pgm;5;2885;3243;1.904942;14.265061;81;49.543081;51.731070;50.617820;50.996736;-1.074739;0.734334;179;201;110.604073;127.476845;-0.158301;0.264685;373.752117;1933.416183;562.470590
376.pgm;6;2734;3515;1.480816;13.068805;77;48.594366;51.414085;53.833413;48.524244;-5.239047;2.889841;149;204;107.989260;123.790316;-0.680082;0.237546;287.798824;1242.679797;424.419565
377.pgm;7;0;1;0.079580;10.739347;83;59.372760;52.899642;76.000000;88.000000;-16.627240;-35.100358;135;142;95.990183;124.516968;0.574752;0.219529;275.558543;1380.061912;401.908241
378.pgm;8;2600;19;1.108496;11.669702;19;37.308824;51.110294;27.631921;40.264987;9.676903;10.845307;103;167;90.053126;111.343173;-0.608511;0.143776;135.017515;686.146587;138.948870
379.pgm;9;13;1029;1.174299;14.978805;118;54.820084;30.041841;71.421305;17.309021;-16.601222;12.732820;168;69;82.983021;103.498794;0.655773;0.119683;77.384015;164.026964;78.361366
380.pgm;0;10;2103;1.166618;16.836574;104;54.940075;45.550562;75.750118;41.271178;-20.810043;4.279383;162;96;72.047079;138.519500;-0.408949;0.176672;152.881913;698.225323;208.698265
381.pgm;1;2942;3050;1.171505;4.230689;73;47.658147;48.884984;49.967623;48.892023;-2.309477;-0.007039;143;169;112.612472;127.921520;-0.177053;0.202711;205.572599;896.450616;313.023963
382.pgm;2;0;713;1.326070;11.770281;33;52.888462;62.776923;81.978962;59.321178;-29.090501;3.455745;109;150;74.737844;135.063852;0.337873;0.213912;346.025772;2786.910143;439.852792
383.pgm;3;0;304;1.140295;13.474496;20;40.743697;61.605042;58.875000;56.424342;-18.131303;5.180700;48;185;65.693989;127.063856;0.599376;0.160270;204.335858;1522.360153;217.735625
384.pgm;4;306;0;0.905285;9.046280;74;46.672185;47.933775;21.689542;50.960784;24.982643;-3.027009;139;161;108.374598;127.694864;0.738504;0.188120;160.354704;490.649264;243.668140
385.pgm;5;2463;2069;2.077925;12.602371;113;51.930233;46.877907;49.484334;47.422992;2.445899;-0.545085;185;157;88.262885;116.374087;-0.486357;0.214230;253.146137;960.520370;305.217616
386.pgm;6;2407;2960;1.693966;12.923679;83;49.927577;48.504178;53.982672;50.092417;-4.055095;-1.588238;172;184;97.745069;120.694329;0.683374;0.228073;342.386225;1986.901205;423.340885
387.pgm;7;0;1;0.079580;11.485701;67;59.296443;58.007905;52.000000;91.000000;7.296443;-32.992095;107;144;88.997290;118.927371;-0.655877;0.208978;271.119569;1494.990356;374.418328
