NomImage;Numero;nbPixBoucleHaut;nbPixBoucleBas;Compacity;distSTDskel;nbPixSkelQuartBasGauche;skelXcentreGrav;skelYcentreGrav;boucleXcentreGrav;boucleYcentreGrav;diffSkelBoucleXcentreGrav;diffSkelBoucleYcentreGrav;nbPixDiagInfSkel;nbPixDiagSupSkel
001,pgm;1;3179;3492;1,124317;4,453438;78;47,017964;51,323353;51,81547;50,444611;-4,797506;0,878742;184;148
002,pgm;2;0;797;1,343571;10,908481;53;55,696356;57,356275;83,283563;51,14931;-27,587207;6,206965;133;112
003,pgm;3;0;1;0,07958;15,67524;102;62,682819;36,643172;74;11;-11,317181;25,643172;33;187
004,pgm;4;0;1;0,07958;13,880056;37;50,074074;63,757576;71;91;-20,925926;-27,242424;165;132
005,pgm;5;920;2264;2,559351;15,009114;72;48,942779;56,016349;58,906093;61,117462;-9,963314;-5,101114;239;125
006,pgm;6;1477;1812;1,548746;12,447514;124;48,704319;35,724252;53,742475;26,411067;-5,038156;9,313185;119;181
007,pgm;7;0;1;0,07958;12,159955;79;68,538117;43,636771;93;37;-24,461883;6,636771;56;165
008,pgm;8;1951;0;1,472492;15,496875;0;34,208029;54,091241;19,202973;41,789851;15,005056;12,30139;185;86
009,pgm;9;271;1974;1,110537;11,532092;73;56,1;41,634615;68,229399;41,690869;-12,129399;-0,056253;78;175
010,pgm;0;0;1;0,07958;13,955261;69;46,047771;59,990446;73;88;-26,952229;-28,009554;227;85
011,pgm;1;2429;2553;1,071516;1,681208;67;50,084942;47,177606;50,450422;46,675432;-0,365479;0,502175;124;133
012,pgm;2;0;951;1,307502;13,37073;25;53,890909;65,283636;81,925342;65,553102;-28,034433;-0,269466;185;87
013,pgm;3;677;423;4,132435;13,984409;131;56,191489;41,933131;39,108182;29,478182;17,083308;12,454949;132;193
014,pgm;4;1255;7;1,16633;12,287556;80;51,554377;52,551724;29,502377;60,559429;22,051999;-8,007705;213;162
015,pgm;5;2370;3466;2,052821;12,976402;95;51,536082;46,561856;53,415696;47,252399;-1,879613;-0,690543;184;201
016,pgm;6;1988;2526;2,086211;12,112371;84;51,244681;46,489362;54,784448;36,77603;-3,539768;9,713332;174;198
017,pgm;7;0;1;0,07958;11,553398;68;61,659016;60,259016;89;90;-27,340984;-29,740984;153;151
018,pgm;8;2049;0;1,286482;14,058313;0;31,655431;52,161049;19,630551;40,003416;12,024879;12,157632;187;78
019,pgm;9;0;960;1,134758;15,537159;139;54,493878;33,285714;75,889583;27,502083;-21,395706;5,783631;48;188
020,pgm;0;0;742;0,967935;15,694549;80;58,482353;40,039216;81,497305;35,721024;-23,014952;4,318191;66;187
021,pgm;1;3300;3635;1,046575;3,875923;81;49,200637;50,232484;50,902091;50,630714;-1,701454;-0,39823;164;149
022,pgm;2;0;677;1,152085;13,904449;48;65,494163;53,669261;89,081241;50,184638;-23,587077;3,484623;86;170
023,pgm;3;1;0;0,07958;14,584029;55;43,983264;44,945607;43;28;0,983264;16,945607;106;132
024,pgm;4;0;1;0,07958;10,276919;55;55,59144;54,782101;95;77;-39,40856;-22,217899;117;137
025,pgm;5;2370;3269;1,900785;15,067444;96;52,378747;45,002725;53,989005;44,607377;-1,610259;0,395348;168;195
026,pgm;6;2397;3868;1,425514;10,435932;79;50,937322;46,894587;56,143017;44,322267;-5,205695;2,57232;194;156
027,pgm;7;0;1;0,07958;12,373379;67;61,235955;50,602996;98;70;-36,764045;-19,397004;113;153
028,pgm;8;3201;0;1,247422;13,240569;0;33,246429;59,792857;22,450484;53,645736;10,795944;6,147121;205;73
029,pgm;9;0;1;0,07958;12,514082;91;59,146939;36,395918;95;41;-35,853061;-4,604082;55;188
030,pgm;0;0;439;0,939731;13,989541;98;57,682594;46,617747;76,3918;15,369021;-18,709206;31,248727;106;186
031,pgm;1;3115;3582;1,098171;4,090683;83;51,140575;50,980831;52,720323;50,709123;-1,579747;0,271707;158;153
032,pgm;2;0;1310;1,20773;13,317242;27;49,57193;64,677193;79,075573;67,344275;-29,503643;-2,667082;189;93
033,pgm;3;0;1;0,07958;16,07516;84;50,508065;41,318548;56;39;-5,491935;2,318548;84;162
034,pgm;4;205;0;0,8944;8,526707;56;55,14;54,236;28,473171;69,712195;26,666829;-15,476195;114;136
035,pgm;5;2057;1626;2,254272;15,133535;0;46,848297;55,365325;46,37388;55,694542;0,474417;-0,329217;189;131
036,pgm;6;1953;2640;1,348699;8,598534;70;54,071174;46,153025;54,200958;42,338559;-0,129784;3,814466;147;133
037,pgm;7;0;1;0,07958;11,579213;43;53,57384;54,198312;93;73;-39,42616;-18,801688;107;129
038,pgm;8;2283;0;1,167345;11,907751;0;36,476378;52,397638;28,403855;42,320193;8,072523;10,077445;168;84
039,pgm;9;0;1117;1,077854;13,857895;148;60,195833;33,125;76,712623;29,995524;-16,51679;3,129476;46;193
040,pgm;0;1;0;0,07958;8,856346;48;45,623377;59,809524;48;95;-2,376623;-35,190476;146;81
041,pgm;1;2840;2780;1,032272;2,76691;75;49,468864;48,139194;49,205338;48,088612;0,263526;0,050582;135;138
042,pgm;2;0;726;1,32633;13,374642;44;61,550173;52,249135;87,150138;54,600551;-25,599965;-2,351416;106;180
043,pgm;3;1;0;0,07958;11,936417;34;44,223256;54,376744;40;20;4,223256;34,376744;88;126
044,pgm;4;32;0;0,805746;6,790414;66;57,012245;51,204082;33,15625;73,90625;23,855995;-22,702168;102;142
045,pgm;5;2637;2271;1,952348;13,259983;86;48,700288;48,827089;47,515892;48,28749;1,184396;0,5396;173;171
046,pgm;6;974;2248;1,787236;10,347103;73;62,281356;45,325424;62,888579;38,612353;-0,607223;6,713071;89;203
047,pgm;7;0;1;0,07958;11,533954;77;58,258065;48,731183;89;76;-30,741935;-27,268817;121;155
048,pgm;8;1377;0;1,26588;14,504908;0;40,665289;52,570248;22,371823;39,179375;18,293466;13,390872;147;93
049,pgm;9;17;1523;1,209665;11,786227;78;57,75;42,737705;70,196753;41,435714;-12,446753;1,301991;58;184
050,pgm;0;0;629;0,871582;11,009933;88;61,990991;52,63964;82,472178;25,422893;-20,481187;27,216746;103;119
051,pgm;1;3068;3207;1,015692;1,260656;71;50,300353;50,961131;50,126853;50,184382;0,173501;0,776748;144;139
052,pgm;2;0;570;1,156141;10,831187;47;59,055556;58,337302;84,638596;49,487719;-25,583041;8,849582;121;127
053,pgm;3;0;1;0,07958;15,711656;123;57,936567;40,895522;69;33;-11,063433;7,895522;99;166
054,pgm;4;0;1;0,07958;9,951;44;52,111111;53,26087;91;65;-38,888889;-11,73913;90;116
055,pgm;5;2004;1955;2,110122;15,394935;73;49,598765;47,740741;48,953524;47,538015;0,645242;0,202726;155;165
056,pgm;6;1575;1753;1,470696;13,010269;106;50,349835;42,607261;51,744591;32,415865;-1,394756;10,191395;117;184
057,pgm;7;0;1;0,07958;9,831112;72;62,948718;59,076923;83;85;-20,051282;-25,923077;138;134
058,pgm;8;2279;0;1,208049;12,822764;0;34,519841;55,06746;25,037297;44,774462;9,482544;10,292998;180;70
059,pgm;9;0;1;0,07958;11,810176;68;62,354067;41,545455;94;38;-31,645933;3,545455;38;169
060,pgm;0;1;0;0,07958;13,234183;29;53,228464;51,385768;47;83;6,228464;-31,614232;116;150
061,pgm;1;3097;3135;0,958687;1,418922;67;49,080292;50,467153;49,963254;50,951861;-0,882962;-0,484708;141;132
062,pgm;2;0;466;1,038978;9,144122;65;51,859438;56,895582;80,67382;37,366953;-28,814382;19,52863;136;113
063,pgm;3;0;1;0,07958;14,951488;63;49,434783;46,898551;54;34;-4,565217;12,898551;79;127
064,pgm;4;1260;0;1,018685;9,818213;57;46,804196;56,094406;22,136508;51,068254;24,667688;5,026152;173;111
065,pgm;5;1869;2213;2,18786;12,993889;86;50,647761;45,829851;52,482362;44,820676;-1,8346;1,009175;154;176
066,pgm;6;1495;2557;1,720747;11,574317;78;52,783172;50,297735;56,92769;44,349951;-4,144519;5,947784;160;146
067,pgm;7;0;1;0,07958;5,544311;73;58,666667;45,570776;82;59;-23,333333;-13,429224;86;132
068,pgm;8;1662;0;1,120869;9,654612;0;39,142857;53,804762;30,212996;46,410951;8,929861;7,393811;144;63
069,pgm;9;0;1;0,07958;13,88868;62;65,113537;48,104803;92;65;-26,886463;-16,895197;48;177
070,pgm;0;2381;1760;1,764343;9,340318;114;47,805281;49,980198;44,757305;51,464381;3,047976;-1,484183;153;148
071,pgm;1;3397;3271;1,124823;4,367657;82;47,487179;47,060897;49,075735;47,29754;-1,588555;-0,236643;159;152
072,pgm;2;0;575;0,976548;8,697807;101;59,517857;48,610714;83,146087;21,53913;-23,62823;27,071584;144;135
073,pgm;3;1;0;0,07958;12,195551;72;44,992308;52,007692;45;47;-0,007692;5,007692;129;130
074,pgm;4;396;0;1,591797;8,295653;81;56,280528;49,264026;33,729798;67,505051;22,55073;-18,241024;148;153
075,pgm;5;2021;1830;2,29149;12,399292;89;50,154762;49,467262;50,327447;47,77772;-0,172686;1,689542;156;176
076,pgm;6;2057;3390;2,109661;12,948915;81;49,422572;51,461942;54,683679;46,026437;-5,261107;5,435506;224;155
077,pgm;7;0;1;0,07958;11,433492;82;60,174917;46,415842;91;67;-30,825083;-20,584158;127;173
078,pgm;8;3239;273;1,106708;9,047008;40;37,289474;52,007519;30,224089;49,399203;7,065385;2,608316;159;105
079,pgm;9;0;1;0,07958;12,884168;124;57,080851;33,017021;94;32;-36,919149;1,017021;63;170
080,pgm;0;39;1880;1,0092;15,42879;84;57,821678;45,045455;70,472642;65,068786;-12,650964;-20,023331;98;185
081,pgm;1;3536;3147;1,001446;2,839047;77;47,636054;47,343537;48,601227;47,91411;-0,965173;-0,570573;149;144
082,pgm;2;0;671;1,332577;9,67778;52;55,343511;62,736641;87,202683;51,265276;-31,859171;11,471366;144;118
083,pgm;3;0;1;0,07958;14,761906;98;52,036145;36,473896;58;31;-5,963855;5,473896;73;173
084,pgm;4;88;0;0,869048;9,770634;43;55,221757;56,761506;30,545455;66,954545;24,676303;-10,193039;103;134
085,pgm;5;2258;1724;2,434179;14,963334;84;50,621849;51,661064;49,084129;49,667755;1,53772;1,99331;176;177
086,pgm;6;1925;3415;1,702531;11,400045;80;53,655271;48,94302;58,074345;46,216479;-4,419074;2,726541;186;158
087,pgm;7;0;1;0,07958;8,396835;73;54,649485;53,261168;76;82;-21,350515;-28,738832;151;139
088,pgm;8;2834;141;1,354194;11,648521;41;38,039007;52,113475;30,492437;41,992269;7,54657;10,121206;188;91
089,pgm;9;0;1;0,07958;11,73246;84;55,285106;36,178723;88;41;-32,714894;-4,821277;54;179
090,pgm;0;0;1;0,07958;9,354776;107;61,136;48,172;82;71;-20,864;-22,828;114;136
091,pgm;1;2362;2620;0,927755;2,755061;65;50,439834;50,311203;51,308511;50,21658;-0,868677;0,094624;122;118
092,pgm;2;0;432;1,26904;8,927333;76;53,629032;53,875;85,895833;32,203704;-32,266801;21,671296;130;116
093,pgm;3;0;1;0,07958;13,127981;87;49,033962;53,181132;52;40;-2,966038;13,181132;124;140
094,pgm;4;1250;0;0,978895;10,841584;72;52,70679;56,179012;29,1912;71,4272;23,51559;-15,248188;171;152
095,pgm;5;2177;2800;2,118547;13,787051;93;49,93617;46,449468;52,755274;45,539883;-2,819104;0,909585;182;191
096,pgm;6;2072;2694;1,563478;12,318075;65;51,155763;48,906542;54,675199;44,105539;-3,519436;4,801003;167;151
097,pgm;7;0;1;0,07958;12,521957;75;60,019084;47,774809;91;65;-30,980916;-17,225191;100;157
098,pgm;8;2385;13;1,367558;10,228715;3;36,172285;51,35206;27,153461;46,179733;9,018823;5,172327;163;101
099,pgm;9;0;1;0,07958;12,896649;106;62,049261;37,374384;94;37;-31,950739;0,374384;48;153
100,pgm;0;0;719;1,129059;12,712155;54;63,776824;52,879828;85,329624;48,591099;-21,5528;4,28873;92;138
101,pgm;1;3615;3507;1,019095;3,702527;67;47,27439;52,036585;50,175934;52,969812;-2,901543;-0,933226;177;148
102,pgm;2;0;2215;1,164057;13,599824;108;56,974684;54,009494;76,680813;42,044244;-19,706129;11,96525;150;164
103,pgm;3;0;355;1,067266;15,475917;102;59,811404;42,307018;83,709859;19,622535;-23,898456;22,684482;87;139
104,pgm;4;0;0;#NOM?;8,449222;74;60,58;46,224;#NOM?;#NOM?;#NOM?;#NOM?;96;152
105,pgm;5;2653;2134;2,001698;14,910182;72;49,040346;50,363112;47,446;49,101525;1,594346;1,261587;177;167
106,pgm;6;2824;3312;1,136321;6,477809;75;53,643564;47,782178;52,436441;44,389016;1,207124;3,393163;150;151
107,pgm;7;0;1;0,07958;10,946842;73;59,912727;47,578182;93;65;-33,087273;-17,421818;114;157
108,pgm;8;2566;0;1,252963;13,432201;0;31,325;58,742857;19,711224;47,842946;11,613776;10,899911;205;73
109,pgm;9;0;1695;1,070501;13,359826;114;60,065891;35,968992;75,79056;35,748673;-15,724669;0,22032;50;207
110,pgm;0;0;1;0,07958;9,488247;30;48,549801;61,721116;51;93;-2,450199;-31,278884;140;111
111,pgm;1;3487;3413;0,904211;4,166544;63;46,937294;48,937294;50,004203;50,262174;-3,066909;-1,32488;162;140
112,pgm;2;0;1717;1,01521;13,433981;95;49,449664;53,630872;74,126383;39,398369;-24,676719;14,232503;156;134
113,pgm;3;0;856;1,005532;13,928879;104;60,07;55,236667;79,938084;24,384346;-19,868084;30,852321;139;160
114,pgm;4;230;34;0,945312;9,312153;81;60,772727;49,006993;44,344697;66,405303;16,42803;-17,39831;133;151
115,pgm;5;3051;2258;1,975165;13,950341;61;48,077135;53,76584;46,656056;53,549068;1,421079;0,216773;190;172
116,pgm;6;2160;3008;1,717803;12,077457;81;51,635294;49,720588;54,615519;42,217105;-2,980224;7,503483;178;160
117,pgm;7;0;1;0,07958;9,382135;79;61,330909;46,465455;96;50;-34,669091;-3,534545;119;153
118,pgm;8;2665;0;1,194444;12,407643;0;34,94717;56,566038;25,514447;47,865291;9,432723;8,700747;185;78
119,pgm;9;0;1183;1,051086;13,723883;146;58,533898;34,305085;74,793745;30,45224;-16,259846;3,852845;49;185
120,pgm;0;0;540;1,039843;10,138841;28;50,173077;63,603846;82,440741;55,12963;-32,267664;8,474217;154;104
121,pgm;1;3098;3306;1,155983;2,736671;82;50,616393;48,144262;50,293567;47,950031;0,322827;0,194231;151;153
122,pgm;2;64;2670;1,19949;12,725181;96;54,996667;44,186667;71,547184;46,232626;-16,550517;-2,04596;120;178
123,pgm;3;0;951;1,031023;14,500883;101;54,309859;50,524648;78,299685;27,218717;-23,989825;23,305931;113;170
124,pgm;4;248;0;1,04256;7,58244;70;45,365385;51,298077;17,983871;53,040323;27,381514;-1,742246;167;145
125,pgm;5;1436;3297;2,544284;12,933053;88;49,912596;45,586118;57,827805;45,698922;-7,915208;-0,112804;187;198
126,pgm;6;2169;3192;1,205721;8,243222;70;50,28125;47,354167;53,592986;42,732886;-3,311736;4,621281;155;132
127,pgm;7;502;2469;1,332018;9,223318;94;57,920578;38,736462;66,53551;36,020868;-8,614932;2,715594;99;173
128,pgm;8;3046;318;1,20827;8,249453;26;37,141264;53,144981;30,514566;49,113853;6,626698;4,031129;164;102
129,pgm;9;0;1;0,07958;12,90873;109;62,393013;36,838428;97;32;-34,606987;4,838428;53;175
130,pgm;0;0;386;0,981553;15,828496;98;57,476868;45,010676;75,637306;83,569948;-18,160437;-38,559272;97;179
131,pgm;1;3157;3149;1,128214;3,226378;82;50,494983;48,675585;49,335236;48,462575;1,159747;0,21301;144;153
132,pgm;2;0;145;1,111373;8,989392;57;57,792627;55,092166;83,689655;35,717241;-25,897028;19,374925;123;94
133,pgm;3;1045;475;3,142618;12,567048;111;53,48366;40,96732;37,811184;34,170395;15,672476;6,796926;115;188
134,pgm;4;288;0;1,277698;8,718675;72;50,72956;50,650943;24,90625;53,541667;25,82331;-2,890723;162;154
135,pgm;5;1875;2531;1,861095;13,460944;62;47,361702;50,06079;51,732637;51,568089;-4,370935;-1,507299;172;154
136,pgm;6;1875;3112;1,407591;8,882617;73;54,927673;47,220126;57,424303;44,525165;-2,49663;2,69496;157;159
137,pgm;7;0;1;0,07958;13,502919;51;54,403636;52,836364;93;63;-38,596364;-10,163636;137;136
138,pgm;8;1414;0;1,458832;13,388531;0;30,291667;54,008333;17,84512;41,88826;12,446546;12,120073;180;58
139,pgm;9;0;1;0,07958;13,021064;136;60,008584;35,815451;91;40;-30,991416;-4,184549;54;177
140,pgm;0;0;1;0,07958;11,702303;75;58,157895;45,466667;75;86;-16,842105;-40,533333;107;176
141,pgm;1;3359;3153;1,085228;4,841544;74;48,114094;51,375839;48,623618;50,812193;-0,509524;0,563646;153;143
142,pgm;2;0;566;1,088809;9,136794;111;63,844358;49,023346;82,659011;19,818021;-18,814653;29,205325;116;141
143,pgm;3;0;1;0,07958;11,986222;54;48,682028;53,834101;51;37;-2,317972;16,834101;97;119
144,pgm;4;74;0;1,033462;5,496406;77;59,793893;48,251908;40,27027;72,108108;19,523623;-23,8562;112;148
145,pgm;5;2009;2021;2,460636;13,368737;118;55,263456;46,269122;53,751117;45,201985;1,512339;1,067137;131;219
146,pgm;6;2104;3187;1,657835;9,375294;78;49,539157;51,692771;53,719146;48,295218;-4,179989;3,397553;185;145
147,pgm;7;0;1;0,07958;7,659185;72;54,379928;48,473118;87;67;-32,620072;-18,526882;131;147
148,pgm;8;2955;587;1,107287;7,375715;40;39,103053;52,671756;32,985037;49,239977;6,118017;3,431778;157;102
149,pgm;9;0;1;0,07958;11,096234;97;55,181435;37,28692;90;36;-34,818565;1,28692;76;159
150,pgm;0;59;1878;1,038646;14,194964;90;53,415584;48,480519;70,091895;64,234383;-16,67631;-15,753864;133;173
151,pgm;1;3633;3457;1,064776;1,528984;74;49,069841;49,177778;49,628491;50,314951;-0,55865;-1,137173;153;160
152,pgm;2;0;1480;1,446202;12,445427;90;63,902439;53,616725;84,685135;44,027703;-20,782696;9,589022;132;153
153,pgm;3;283;0;1,151798;14,31918;83;50,234818;39,238866;8,632509;21,363958;41,602309;17,874909;108;135
154,pgm;4;390;0;1,02862;9,870048;57;53,631579;54,142857;29,879487;72,620513;23,752092;-18,477656;130;136
155,pgm;5;2750;2125;2,283345;14,586498;99;49,984615;48,097436;49,453949;48,156308;0,530667;-0,058872;180;207
156,pgm;6;2316;2970;1,560945;12,663797;90;47,953488;45,485465;53,3479;41,398222;-5,394412;4,087243;177;164
157,pgm;7;0;1;0,07958;12,210696;50;59,635556;57,026667;91;81;-31,364444;-23,973333;107;117
158,pgm;8;1788;0;1,347516;14,462279;0;31,829457;57,414729;19,511745;42,628076;12,317712;14,786653;194;61
159,pgm;9;0;1;0,07958;12,181133;62;62,454054;39,12973;90;32;-27,545946;7,12973;33;150
160,pgm;0;0;670;1,005319;12,886311;97;54,692857;49,978571;73,98209;28,883582;-19,289232;21,094989;127;146
161,pgm;1;3077;3561;0,9399;1,82066;71;51,367857;51,028571;51,771015;50,191624;-0,403158;0,836947;143;137
162,pgm;2;0;1239;1,136148;13,217105;67;65,10728;57,003831;86,369653;49,438257;-21,262373;7,565575;118;142
163,pgm;3;773;52;3,445661;13,145276;86;50,057348;42,179211;17,796364;34,037576;32,260984;8,141636;123;152
164,pgm;4;677;0;0,809786;9,678227;66;47,326389;52,972222;19,692762;62,549483;27,633627;-9,577261;155;132
165,pgm;5;2437;2666;1,729282;14,624882;88;52,696697;47,333333;51,6602;46,792083;1,036497;0,54125;157;174
166,pgm;6;2630;2355;1,324106;10,591725;68;52,388535;50,474522;49,271414;42,381745;3,117121;8,092777;142;170
167,pgm;7;0;8;0,487426;12,233377;64;62,565385;55,553846;51,875;94,125;10,690385;-38,571154;122;134
168,pgm;8;2329;0;1,272765;14,73157;0;32,929688;58,109375;22,929584;44,983255;10,000104;13,12612;200;54
169,pgm;9;0;1;0,07958;14,070553;119;57,136792;35,037736;94;36;-36,863208;-0,962264;47;163
170,pgm;0;0;961;0,983858;13,790466;118;58,125;49,487179;79,931322;27,363163;-21,806322;22,124016;120;185
171,pgm;1;3454;3451;0,871575;2,635908;68;50,430605;48,33452;50,201593;50,023027;0,229012;-1,688507;133;146
172,pgm;2;0;908;1,119113;11,58624;88;60,277567;51,558935;80,995595;34,69163;-20,718028;16,867305;126;136
173,pgm;3;0;37;1,344254;14,211249;76;46,769912;49,035398;68,540541;19,216216;-21,770629;29,819182;101;123
174,pgm;4;334;0;0,774116;7,473164;48;49,18107;58,296296;16,691617;73,143713;32,489453;-14,847416;123;119
175,pgm;5;1656;2733;2,15812;14,252981;74;50,705382;48,626062;56,252677;49,268398;-5,547295;-0,642336;172;177
176,pgm;6;2208;2521;1,254177;8,867769;76;58,566434;49,506993;53,367308;43,872912;5,199125;5,634081;113;169
177,pgm;7;0;8;0,487426;12,536841;51;58,995633;54,458515;61,125;67,875;-2,129367;-13,416485;100;129
178,pgm;8;1572;0;1,378219;13,244519;0;30,473469;52,82449;19,005089;42,307252;11,46838;10,517238;180;62
179,pgm;9;0;1;0,07958;13,197971;100;60,869767;36,860465;94;38;-33,130233;-1,139535;44;169
180,pgm;0;0;742;1,518773;11,64636;81;56,254072;52,986971;80,355795;41,207547;-24,101723;11,779424;165;141
181,pgm;1;2644;2707;1,259372;2,135426;74;50,177258;48,732441;49,822837;49,056999;0,354421;-0,324557;141;156
182,pgm;2;0;1294;1,188224;13,69823;22;50,415638;62,720165;74,594281;70,027048;-24,178643;-7,306883;161;79
183,pgm;3;0;1;0,07958;14,833401;65;56,322222;44,85;62;38;-5,677778;6,85;59;119
184,pgm;4;596;229;1,003574;12,127031;62;54,494505;50,234432;44,243636;58,077576;10,250869;-7,843144;124;146
185,pgm;5;2279;2270;1,80259;13,510462;76;50,619938;48,629283;50,739283;48,912948;-0,119346;-0,283664;153;165
186,pgm;6;1734;2382;1,967474;8,30415;70;54,304878;50,954268;56,112731;44,444121;-1,807853;6,510148;176;144
187,pgm;7;0;1;0,07958;11,477947;52;60,802575;55,759657;81;85;-20,197425;-29,240343;105;126
188,pgm;8;1870;0;1,062369;10,88019;0;36,184874;50,62605;27,365775;40,5;8,819099;10,12605;152;83
189,pgm;9;0;1061;1,190772;11,100499;85;57,082126;41,956522;68,464656;41,034873;-11,38253;0,921649;46;153
190,pgm;0;0;570;0,961799;10,035686;37;53,562753;55,441296;78,645614;51,47193;-25,082861;3,969366;118;126
191,pgm;1;2520;2684;1,090155;2,888716;71;50,791971;50,587591;51,630477;49,506533;-0,838506;1,081058;138;134
192,pgm;2;0;708;1,645661;10,520255;16;50,580508;64,326271;73,225989;65,963277;-22,64548;-1,637006;154;79
193,pgm;3;225;395;4,633599;12,642848;99;57,3625;45,2375;56,551613;34,704839;0,810887;10,532661;95;144
194,pgm;4;0;1;0,07958;8,159114;60;60,225641;50,794872;87;50;-26,774359;0,794872;66;128
195,pgm;5;1650;1241;2,477407;12,295305;70;46,131498;51,470948;47,098582;50,407471;-0,967083;1,063477;171;153
196,pgm;6;1058;2679;1,257455;6,152546;74;59,97318;49,605364;61,309071;44,218625;-1,335891;5,386739;132;128
197,pgm;7;0;1;0,07958;10,292116;64;60,017316;49,796537;88;65;-27,982684;-15,203463;80;148
198,pgm;8;1117;0;1,222622;10,935405;0;37,188776;56,056122;26,356312;48,42077;10,832464;7,635353;144;49
199,pgm;9;0;1;0,07958;9,632641;81;60,572327;36,106918;89;25;-28,427673;11,106918;33;124
200,pgm;0;0;379;1,028868;9,49781;35;51,555046;53,573394;76,664908;48,601583;-25,109862;4,971811;106;109
201,pgm;1;3355;3247;1,006753;3,549353;76;48,394464;49,885813;48,852923;49,495607;-0,45846;0,390206;148;139
202,pgm;2;0;601;1,025401;10,62432;91;61,254545;50,654545;86,146423;32,522463;-24,891877;18,132083;118;153
203,pgm;3;0;1;0,07958;15,815388;47;51,193237;44,714976;54;17;-2,806763;27,714976;76;129
204,pgm;4;187;0;1,334558;6,765021;71;55,34471;52,477816;40,427807;72,652406;14,916902;-20,174591;155;137
205,pgm;5;2490;2550;1,967532;14,296811;74;49,518414;50,053824;49,834722;50,132341;-0,316309;-0,078517;180;172
206,pgm;6;1588;3151;1,698128;10,476783;78;52,482353;50,385294;58,549061;46,84828;-6,066708;3,537014;192;147
207,pgm;7;0;1;0,07958;8,421365;75;54,9319;48,971326;85;66;-30,0681;-17,028674;134;144
208,pgm;8;2570;2;1,036178;9,587561;11;36,216667;51,504167;26,3507;49,413686;9,865967;2,090481;147;90
209,pgm;9;0;1;0,07958;12,439714;127;58,278027;35,152466;93;32;-34,721973;3,152466;57;164
210,pgm;0;0;1551;1,020069;13,686182;79;50,838816;47,963816;73,399742;62,918762;-22,560926;-14,954946;129;172
211,pgm;1;2791;3190;1,134475;2,496077;76;50,873288;48,753425;51,095636;48,553419;-0,222349;0,200005;144;146
212,pgm;2;271;1880;1,406798;13,702981;62;49,101974;59,940789;67,88145;63,188749;-18,779477;-3,24796;194;107
213,pgm;3;700;360;1,099177;14,424727;51;43,5;47,985507;46,978302;28,325472;-3,478302;19,660036;168;101
214,pgm;4;642;38;1,056188;12,247828;70;55,148515;50,851485;38,954412;63,748529;16,194103;-12,897044;150;148
215,pgm;5;1678;2731;1,906468;13,188009;78;53,473846;45,153846;55,339533;44,849626;-1,865687;0,30422;147;172
216,pgm;6;1403;3273;2,132726;12,841635;89;50,732804;50;58,052395;44,71065;-7,319591;5,28935;204;171
217,pgm;7;0;1;0,07958;8,582927;74;53,608997;49,342561;83;74;-29,391003;-24,657439;148;140
218,pgm;8;1890;0;1,488185;12,014592;0;33,311787;53,980989;21,397354;47,768783;11,914433;6,212206;189;72
219,pgm;9;170;1926;1,149503;13,287863;96;53,964413;37,245552;70,866412;32,938931;-16,901999;4,30662;69;210
220,pgm;0;70;2767;1,445424;13,307246;98;60,188925;45,416938;72,071907;53,483962;-11,882982;-8,067024;107;198
221,pgm;1;2108;2687;1,130565;2,863574;71;52,980843;49,114943;52,754536;48,68342;0,226307;0,431522;124;135
222,pgm;2;173;2271;1,090445;11,687503;82;50,607143;53,407143;67,548691;50,975041;-16,941548;2,432102;165;113
223,pgm;3;0;1;0,07958;12,349375;66;48,553922;50,735294;53;49;-4,446078;1,735294;95;108
224,pgm;4;1018;0;1,144527;10,893535;64;50,889632;58,003344;29,707269;73,058939;21,182363;-15,055595;168;130
225,pgm;5;2556;2079;1,903889;13,220013;63;47,438438;52,57958;46,86041;52,284574;0,578029;0,295006;175;156
226,pgm;6;1984;2498;1,218803;6,318954;67;54,892593;48,281481;53,890228;43,822178;1,002365;4,459304;116;152
227,pgm;7;0;1;0,07958;10,823082;63;57,040293;53,054945;77;83;-19,959707;-29,945055;141;132
228,pgm;8;2110;0;1,064484;11,201393;0;36,851351;53,504505;28,161611;44,457346;8,68974;9,047159;153;66
229,pgm;9;0;1;0,07958;11,00662;73;58,718062;44,066079;91;48;-32,281938;-3,933921;84;141
230,pgm;0;0;84;1,09517;12,707495;79;59,941634;53,552529;86,904762;23,845238;-26,963128;29,707291;141;109
231,pgm;1;2649;3485;1,129024;3,02098;76;52,898305;47,613559;54,065373;48,254157;-1,167068;-0,640598;139;155
232,pgm;2;0;1591;1,428585;12,522436;79;55,281879;57,09396;78,726587;52,526084;-23,444708;4,567876;164;132
233,pgm;3;0;1;0,07958;12,220209;73;50,034632;57,896104;57;50;-6,965368;7,896104;110;120
234,pgm;4;0;1;0,07958;8,840274;71;50,373802;55,511182;79;87;-28,626198;-31,488818;164;148
235,pgm;5;2391;2122;2,640946;14,307751;79;46,056266;47,478261;46,670729;46,027255;-0,614463;1,451006;169;207
236,pgm;6;2386;1403;2,245814;10,27552;106;49,002849;47,789174;45,552652;40,784376;3,450197;7,004798;164;185
237,pgm;7;0;1;0,07958;11,716519;91;58,431907;42,801556;89;48;-30,568093;-5,198444;74;182
238,pgm;8;2457;0;1,511142;12,491286;0;32,536398;55,609195;23,834758;49,7965;8,701641;5,812696;201;57
239,pgm;9;36;1254;1,141014;14,094389;117;55,848;34,96;71,603876;27,421705;-15,755876;7,538295;77;171
240,pgm;0;0;379;0,970916;10,313202;71;53,045627;54,665399;69,654354;31,693931;-16,608726;22,971468;139;120
241,pgm;1;2637;2870;0,976865;1,719537;68;50,607692;47,942308;51,10187;48,627747;-0,494178;-0,685439;125;133
242,pgm;2;0;714;1,658916;11,716818;40;54,596639;58,718487;78,481793;57,254902;-23,885154;1,463585;141;94
243,pgm;3;0;1;0,07958;12,916577;27;52,213873;55,242775;53;62;-0,786127;-6,757225;87;86
244,pgm;4;591;0;1,066585;9,040867;64;51,361111;55,34375;28,025381;65,165821;23,33573;-9,822071;153;134
245,pgm;5;1634;1576;2,459909;13,338267;34;47,488889;56,628571;48,98972;58,406542;-1,500831;-1,777971;193;119
246,pgm;6;1331;2965;1,633998;10,02064;72;52,592357;51,490446;58,70973;48,304236;-6,117373;3,186209;175;137
247,pgm;7;0;1;0,07958;10,662346;80;59,053942;46,846473;76;83;-16,946058;-36,153527;97;142
248,pgm;8;2099;473;1,070429;8,006565;37;42,977876;54,411504;36,520995;48,166019;6,456881;6,245486;140;84
249,pgm;9;0;1181;1,10401;13,160609;139;59,526549;30,725664;72,46486;25,240474;-12,938312;5,48519;37;187
250,pgm;0;0;429;1,308893;9,740727;28;46,729839;57,556452;75,771562;57,013986;-29,041723;0,542466;140;106
251,pgm;1;2491;2630;0,822061;3,791473;65;49,717391;50,604348;50,111697;50,511814;-0,394306;0,092534;116;113
252,pgm;2;0;1;0,07958;10,863848;48;56,222222;54,715556;63;87;-6,777778;-32,284444;130;94
253,pgm;3;0;356;1,851125;13,215447;107;59,357692;47,265385;79,418539;26,83427;-20,060847;20,431115;100;158
254,pgm;4;8;0;0,487426;4,843861;73;55,555118;50,299213;30,125;54,875;25,430118;-4,575787;116;137
255,pgm;5;1947;2031;1,984994;12,672094;61;50,552381;51,930159;50,306938;52,506536;0,245443;-0,576377;157;152
256,pgm;6;1979;2781;1,50466;9,991596;71;50,443333;51,17;52,832353;47,479202;-2,38902;3,690798;165;133
257,pgm;7;1067;2495;1,418764;8,389693;75;52,601399;46,020979;58,528355;42,91297;-5,926956;3,108009;148;137
258,pgm;8;1192;0;1,6878;11,601934;0;31,391837;57,281633;20,500839;43,763423;10,890998;13,51821;186;57
259,pgm;9;0;1276;1,222386;13,710337;146;57,241636;35,776952;75,478056;30,23511;-18,236421;5,541842;64;203
260,pgm;0;0;1150;1,515753;13,462104;108;57,206349;49,536508;77,527826;62,392174;-20,321477;-12,855666;109;202
261,pgm;1;2797;3226;0,956081;2,877738;71;50,570397;51,314079;52,589407;50,559356;-2,01901;0,754724;142;134
262,pgm;2;0;1479;1,610375;12,019573;92;58,086207;45,689655;75,576741;46,567951;-17,490534;-0,878296;125;160
263,pgm;3;1;0;0,07958;10,03871;61;46,504808;50,769231;47;71;-0,495192;-20,230769;114;93
264,pgm;4;562;0;0,97549;9,65741;66;50,653979;54,380623;25,229537;65,871886;25,424442;-11,491263;153;134
265,pgm;5;2774;1892;2,234989;12,96405;65;46,348066;52,505525;44,848264;53,087227;1,499802;-0,581702;182;177
266,pgm;6;1661;2694;1,942003;9,487308;82;55,073314;52,079179;57,800689;45,72744;-2,727375;6,351739;184;153
267,pgm;7;0;1;0,07958;11,379388;69;63,614458;57,698795;74;85;-10,385542;-27,301205;139;110
268,pgm;8;1934;0;1,289119;12,639504;0;34,810277;53,944664;23,763702;44,008273;11,046575;9,936391;176;75
269,pgm;9;0;946;1,768674;13,601025;122;56,74359;39,695971;76,649049;40,630021;-19,905459;-0,93405;67;203
270,pgm;0;0;190;1,047103;9,966589;65;51,992883;49,263345;74,989474;26,689474;-22,996591;22,573872;133;145
271,pgm;1;3029;2871;1,424681;5,264187;83;47,575385;48,015385;48,394237;47,861186;-0,818853;0,154198;164;159
272,pgm;2;134;2395;1,46812;13,263637;95;51,136905;57,479167;70,370898;52,005536;-19,233993;5,473631;191;143
273,pgm;3;0;623;1,355156;14,49413;101;56,621451;47,646688;76,049759;30,979133;-19,428308;16,667554;127;187
274,pgm;4;0;1;0,07958;8,073132;70;52,560137;54,955326;91;74;-38,439863;-19,044674;131;158
275,pgm;5;2582;2721;1,644134;12,134053;58;47,371601;50,92145;49,751461;50,174807;-2,37986;0,746643;177;152
276,pgm;6;1783;2869;1,49881;10,528386;66;53,377483;49,559603;56,143809;43,80804;-2,766326;5,751563;158;139
277,pgm;7;0;1;0,07958;11,048098;61;57,037453;52,243446;85;77;-27,962547;-24,756554;127;139
278,pgm;8;2551;0;1,174075;11,562032;0;34,837838;55,837838;25,620541;46,997256;9,217297;8,840582;178;78
279,pgm;9;0;1581;1,11749;12,566812;108;59,995902;37,442623;73,508539;36,362429;-13,512637;1,080194;46;196
280,pgm;0;0;379;1,028868;12,052593;43;48,217857;62,696429;68,85752;46,3219;-20,639663;16,374529;184;93
281,pgm;1;2492;2790;1,293421;6,2048;77;51,290102;50,167235;51,561908;50,335668;-0,271806;-0,168433;142;149
282,pgm;2;70;1765;1,282991;13,617068;59;48,268707;60,812925;70,114986;60,152044;-21,846279;0,660882;191;100
283,pgm;3;0;1;0,07958;13,039308;59;50,678414;49,23348;52;57;-1,321586;-7,76652;103;121
284,pgm;4;587;0;1,328725;8,372972;72;48,553459;56,827044;20,67632;67,688245;27,877139;-10,861201;172;145
285,pgm;5;2020;1837;2,644353;13,953115;78;44,332402;48,114525;46,623023;47,090226;-2,290621;1,0243;184;171
286,pgm;6;1794;2466;2,275329;10,417872;76;51,002849;49,532764;52,146714;44,715258;-1,143865;4,817505;182;165
287,pgm;7;0;1;0,07958;10,214281;61;57,495763;50,567797;80;66;-22,504237;-15,432203;110;125
288,pgm;8;1510;0;1,400236;13,442871;0;30,890295;55,78903;19,662252;41,458278;11,228044;14,330751;182;53
289,pgm;9;0;1219;1,103281;12,723254;135;57,890351;33,447368;72,538146;29,913043;-14,647795;3,534325;44;182
290,pgm;0;0;626;0,896989;9,954633;66;57,007813;52,011719;77,033546;38,308307;-20,025734;13,703412;127;124
291,pgm;1;2533;2362;1,124506;4,693454;66;48,848375;51,534296;48,146476;53,787334;0,701899;-2,253038;132;144
292,pgm;2;0;1164;1,1027;10,630984;108;56,254417;52,738516;74,328179;32,156357;-18,073762;20,582159;129;153
293,pgm;3;87;506;1,315281;13,815404;56;52,714286;53,049107;56,826307;34,839798;-4,112021;18,20931;93;125
294,pgm;4;0;1;0,07958;7,491612;69;59,313901;49,273543;94;50;-34,686099;-0,726457;82;140
295,pgm;5;1218;1945;2,029273;12,42259;84;49,961268;50,75;53,296238;51,180525;-3,33497;-0,430525;165;117
296,pgm;6;1499;2334;1,360643;8,821416;76;48,347015;46,44403;54,865119;43,700496;-6,518104;2,743534;144;124
297,pgm;7;0;1;0,07958;6,338292;60;54,195556;48,08;83;66;-28,804444;-17,92;103;121
298,pgm;8;2118;0;1,258285;9,043998;13;32,970085;49,84188;24,186497;48,988196;8,783589;0,853684;155;77
299,pgm;9;0;526;1,01729;13,119543;104;51,652174;32,594203;70,209125;19,912548;-18,556952;12,681655;62;144
300,pgm;0;0;875;1,100475;13,084752;61;55,728033;44,811715;72,832;63,292571;-17,103967;-18,480856;77;159
301,pgm;1;1670;1746;0,988598;3,485476;43;48,810427;53,78673;50,01493;54,552986;-1,204503;-0,766256;111;96
302,pgm;2;0;1857;1,297447;12,726533;93;53,714754;52,895082;73,400108;45,95315;-19,685354;6,941932;171;133
303,pgm;3;0;1;0,07958;15,862082;50;52,798817;45,810651;59;35;-6,201183;10,810651;65;103
304,pgm;4;0;1;0,07958;7,054279;79;59,145098;51,313725;92;55;-32,854902;-3,686275;101;152
305,pgm;5;1769;2605;2,178093;13,321364;80;47,169916;44,002786;51,809785;42,416095;-4,639869;1,58669;168;187
306,pgm;6;1249;2977;1,661064;9,350095;76;53,142424;52,284848;60,830099;48,833649;-7,687675;3,4512;180;148
307,pgm;7;1655;2970;1,235836;7,295025;69;54,431655;46,169065;57,238054;46,903784;-2,806399;-0,734719;137;139
308,pgm;8;1680;0;1,009716;13,855086;0;34,9869;56,279476;24,217857;39,757738;10,769042;16,521738;171;55
309,pgm;9;0;1;0,07958;13,389508;89;55,673575;40,455959;80;49;-24,326425;-8,544041;52;140
310,pgm;0;0;756;1,86202;12,045476;108;57,021459;40,399142;75,230159;42,845238;-18,2087;-2,446096;52;180
311,pgm;1;2973;3219;1,095816;1,176949;76;51,017123;48,496575;51,231912;47,981266;-0,214789;0,515309;142;148
312,pgm;2;0;2043;1,421024;12,686786;98;54,970326;53,667656;77,792952;47,602056;-22,822625;6,0656;182;151
313,pgm;3;0;1;0,07958;12,81371;77;53,534137;49,899598;61;55;-7,465863;-5,100402;117;130
314,pgm;4;0;1;0,07958;8,147935;66;59,019455;51,63035;94;70;-34,980545;-18,36965;106;150
315,pgm;5;1116;2435;2,153653;12,512804;71;47,657895;50,254386;57,712757;48,994931;-10,054862;1,259455;183;157
316,pgm;6;2469;2522;1,552117;8,296493;72;52,109718;49,200627;50,519335;44,081948;1,590383;5,118679;166;146
317,pgm;7;0;1;0,07958;11,926018;57;58,544681;52,408511;89;64;-30,455319;-11,591489;96;137
318,pgm;8;1103;0;1,257116;11,80283;0;34,365854;56,121951;20,981868;46,589302;13,383986;9,532649;158;43
319,pgm;9;0;1;0,07958;11,496685;120;58,894977;37,415525;91;23;-32,105023;14,415525;67;150
320,pgm;0;26;951;0,967746;15,162185;0;48,34715;63,725389;66,837257;78,273286;-18,490107;-14,547897;144;46
321,pgm;1;3466;3382;0,87245;1,666096;64;50,113139;52,408759;50,410485;52,212763;-0,297346;0,195996;141;133
322,pgm;2;0;325;0,971853;6,724228;94;65,871595;50,972763;83,003077;14,381538;-17,131482;36,591224;122;134
323,pgm;3;0;381;1,544809;14,409357;98;53,333333;47,578755;68,816273;24,141732;-15,48294;23,437022;107;165
324,pgm;4;1201;247;1,253107;11,588752;74;52,527157;57,945687;34,40884;78,513122;18,118317;-20,567435;174;138
325,pgm;5;2399;2818;2,237586;13,812415;102;51,738903;46,430809;52,374161;47,477477;-0,635258;-1,046668;173;208
326,pgm;6;2404;3033;1,536504;12,23436;68;47,017964;51,092814;50,846055;46,605665;-3,828091;4,487149;194;138
327,pgm;7;0;1;0,07958;8,134448;57;60,178404;64,779343;73;88;-12,821596;-23,220657;119;93
328,pgm;8;2508;0;1,346511;12,788904;0;36,417293;56,672932;26,464115;47,157097;9,953178;9,515835;188;75
329,pgm;9;0;1082;1,11272;12,355882;95;61,772727;41,429752;81,095194;45,100739;-19,322467;-3,670987;63;177
330,pgm;0;0;1;0,07958;13,526946;113;61,121107;51,228374;93;51;-31,878893;0,228374;113;176
331,pgm;1;2660;2898;1,098611;3,490957;70;49,729242;47,281588;50,565131;47,650054;-0,835889;-0,368466;136;140
332,pgm;2;0;1990;1,210733;16,213718;109;63,320285;56,44484;79,236683;38,838693;-15,916399;17,606146;106;175
333,pgm;3;0;761;1,174979;14,474979;104;52,083942;43,478102;67,003942;26,788436;-14,920001;16,689666;99;172
334,pgm;4;0;1;0,07958;12,014623;70;54,023729;51,833898;86;80;-31,976271;-28,166102;147;146
335,pgm;5;2328;2077;2,446542;13,011199;68;49,366848;53,61413;49,655392;54,685131;-0,288544;-1,071;188;176
336,pgm;6;1685;2514;1,402151;12,845178;77;50,717314;47,628975;56,703025;42,468207;-5,98571;5,160769;156;124
337,pgm;7;399;3587;1,218034;12,493146;95;60,702265;52,07767;68,964375;50,10562;-8,26211;1,97205;131;175
338,pgm;8;2393;0;1,356947;12,569641;0;32,411552;54,920578;20,526118;47,63644;11,885435;7,284138;199;75
339,pgm;9;0;1;0,07958;13,09957;110;50,434599;34,257384;87;45;-36,565401;-10,742616;74;158
340,pgm;0;0;1;0,07958;15,126661;140;60,070313;45,792969;94;40;-33,929688;5,792969;88;167
341,pgm;1;2315;2907;1,102734;3,457051;73;52,144981;48,052045;52,998277;47,955573;-0,853295;0,096472;135;133
342,pgm;2;133;2663;1,093397;13,041305;88;52,369718;50,09507;70,045064;51,595494;-17,675346;-1,500423;158;125
343,pgm;3;0;15;0,763966;13,519916;90;52,471631;50,099291;62;11;-9,528369;39,099291;126;152
344,pgm;4;293;0;0,88244;8,086138;55;47,727612;55,518657;15,849829;71,412969;31,877783;-15,894313;132;135
345,pgm;5;0;2261;1,053403;13,870487;75;55,866883;53,344156;76,358249;59,591331;-20,491365;-6,247175;139;167
346,pgm;6;1567;3098;1,68194;9,990569;86;53,816514;48,990826;59,465809;42,790782;-5,649295;6,200043;186;139
347,pgm;7;8;0;0,487426;7,75036;73;56,833333;54,054348;34,875;95,125;21,958333;-41,070652;132;143
348,pgm;8;2883;722;1,09776;8,992079;44;41,863469;53,859779;34,088488;47,921221;7,77498;5,938558;159;109
349,pgm;9;98;2727;1,016931;11,655319;89;58,664151;44,154717;70,290619;47,169204;-11,626469;-3,014487;90;171
350,pgm;0;0;1517;1,149055;14,334269;96;57,218855;47,845118;77,066579;67,098879;-19,847724;-19,253762;112;184
351,pgm;1;2805;2777;0,919773;2,06554;61;50,527559;48,751969;49,660874;48,797743;0,866685;-0,045774;122;131
352,pgm;2;0;824;1,211468;10,870362;87;57,277397;54,130137;77,332524;35,008495;-20,055127;19,121642;142;148
353,pgm;3;0;179;0,940731;14,733841;104;58,733068;37,023904;78,910615;12,346369;-20,177547;24,677536;72;177
354,pgm;4;758;0;1,412699;10,96205;75;48,783708;54,77809;21,96438;62,122691;26,819328;-7,344601;200;155
355,pgm;5;2379;2395;2,018734;14,621312;87;51,433908;48,965517;50,911605;48,300587;0,522304;0,664931;170;176
356,pgm;6;2307;3547;1,489382;9,808439;75;49,800604;52,761329;55,989409;49,420567;-6,188805;3,340762;188;142
357,pgm;7;0;1;0,07958;9,219794;77;58,935018;50,812274;93;70;-34,064982;-19,187726;118;158
358,pgm;8;2488;0;1,166861;12,640432;0;33,628458;57,371542;24,008039;47,870177;9,62042;9,501365;187;63
359,pgm;9;0;1567;1,157945;13,446951;133;57,361868;33,688716;72,181876;29,609445;-14,820008;4,079271;51;204
360,pgm;0;1834;2281;1,307314;9,37769;75;51,538206;51,744186;54,323451;58,479465;-2,785245;-6,735279;158;142
361,pgm;1;3178;3210;0,848631;1,993284;65;48,471264;50,938697;49,566374;49,770038;-1,09511;1,16866;135;125
362,pgm;2;0;1213;0,929044;11,535669;115;56,328671;52,188811;79,479802;30,737016;-23,151131;21,451796;134;151
363,pgm;3;0;1;0,07958;13,910579;60;50,469697;47,035354;54;57;-3,530303;-9,964646;82;110
364,pgm;4;345;0;1,0666;9,746704;49;54,40625;56,026786;39,014493;78,892754;15,391757;-22,865968;105;118
365,pgm;5;1827;1404;2,143434;15,541357;78;53,39322;47,383051;49,296193;45,000929;4,097027;2,382122;110;181
366,pgm;6;1667;3440;1,497478;9,001304;80;53,365559;49,015106;58,283728;45,360681;-4,918169;3,654424;180;150
367,pgm;7;0;1;0,07958;9,657347;65;62,276316;57,013158;83;85;-20,723684;-27,986842;116;111
368,pgm;8;2151;0;1,279936;10,881645;0;36,51417;56,497976;27,493259;47,90516;9,020911;8,592815;173;71
369,pgm;9;0;1;0,07958;12,186135;98;61,788043;37,630435;91;34;-29,211957;3,630435;38;144
370,pgm;0;0;1017;1,034851;15,090566;79;54,522901;52,625954;71,255654;58,858407;-16,732753;-6,232453;112;148
371,pgm;1;2886;2942;1,132579;3,908631;78;50,135417;48,458333;50,343857;48,770762;-0,208441;-0,312429;140;146
372,pgm;2;0;1363;1,64788;11,989834;65;50,847176;58,803987;76,785033;56,416728;-25,937857;2,387259;175;123
373,pgm;3;0;532;1,378586;10,91884;97;50,206081;53,72973;69,817669;24,917293;-19,611588;28,812436;136;158
374,pgm;4;0;1;0,07958;6,907984;61;56,00823;52,300412;96;63;-39,99177;-10,699588;112;130
375,pgm;5;2885;3243;1,904942;14,265061;81;49,543081;51,73107;50,61782;50,996736;-1,074739;0,734334;201;179
376,pgm;6;2734;3515;1,480816;13,068805;77;48,594366;51,414085;53,833413;48,524244;-5,239047;2,889841;204;149
377,pgm;7;0;1;0,07958;10,739347;83;59,37276;52,899642;76;88;-16,62724;-35,100358;142;135
378,pgm;8;2600;19;1,108496;11,669702;19;37,308824;51,110294;27,631921;40,264987;9,676903;10,845307;167;103
379,pgm;9;13;1029;1,174299;14,978805;118;54,820084;30,041841;71,421305;17,309021;-16,601222;12,73282;69;168
380,pgm;0;10;2103;1,166618;16,836574;104;54,940075;45,550562;75,750118;41,271178;-20,810043;4,279383;96;162
381,pgm;1;2942;3050;1,171505;4,230689;73;47,658147;48,884984;49,967623;48,892023;-2,309477;-0,007039;169;143
382,pgm;2;0;713;1,32607;11,770281;33;52,888462;62,776923;81,978962;59,321178;-29,090501;3,455745;150;109
383,pgm;3;0;304;1,140295;13,474496;20;40,743697;61,605042;58,875;56,424342;-18,131303;5,1807;185;48
384,pgm;4;306;0;0,905285;9,04628;74;46,672185;47,933775;21,689542;50,960784;24,982643;-3,027009;161;139
385,pgm;5;2463;2069;2,077925;12,602371;113;51,930233;46,877907;49,484334;47,422992;2,445899;-0,545085;157;185
386,pgm;6;2407;2960;1,693966;12,923679;83;49,927577;48,504178;53,982672;50,092417;-4,055095;-1,588238;184;172
387,pgm;7;0;1;0,07958;11,485701;67;59,296443;58,007905;52;91;7,296443;-32,992095;144;107
388,pgm;8;1346;0;1,402166;13,380735;0;29,794355;59,665323;20,049034;42,89153;9,745321;16,773792;201;45
389,pgm;9;0;1;0,07958;11,095203;79;56,502283;37,598174;90;45;-33,497717;-7,401826;54;163
390,pgm;0;0;1;0,07958;12,081745;82;58,780992;55,161157;75;84;-16,219008;-28,838843;125;117
391,pgm;1;2973;3088;0,908176;2,256742;60;49,726236;52,361217;50,422208;51,262993;-0,695972;1,098224;137;125
392,pgm;2;336;1974;1,419656;14,261904;45;45,512121;62,609091;66,942857;69,82987;-21,430736;-7,220779;215;113
393,pgm;3;0;1;0,07958;13,835251;49;49,146597;45,172775;54;29;-4,853403;16,172775;70;120
394,pgm;4;245;0;1,591596;7,209684;64;54,387833;59,098859;28,632653;87,208163;25,75518;-28,109304;120;142
395,pgm;5;1775;1480;1,985828;12,955072;58;46,181518;50,646865;47,254992;49,179416;-1,073474;1,467448;155;143
396,pgm;6;2191;2628;1,57675;8,57041;70;50,653125;50,959375;51,162482;47,943142;-0,509357;3,016233;170;148
397,pgm;7;0;1;0,07958;8,644273;55;59,17561;57,795122;72;89;-12,82439;-31,204878;117;88
398,pgm;8;2314;0;1,164328;11,334259;0;33,762712;59,241525;24,748487;51,619274;9,014224;7,622251;181;52
399,pgm;9;0;1;0,07958;11,353061;97;56,047619;33,074074;90;21;-33,952381;12,074074;43;144
400,pgm;0;62;1377;1,146746;15,764651;85;51,786957;45,191304;69,448923;36,980542;-17,661966;8,210762;91;137
401,pgm;1;3188;3883;0,966178;2,999515;76;51,602564;51,958333;53,523547;50,704568;-1,920983;1,253765;164;147
402,pgm;2;0;1326;1,093772;12,442149;103;59,195572;53,394834;75,267722;34,402715;-16,072151;18,992119;112;158
403,pgm;3;0;505;1,138543;15,967987;111;61,115538;41,38247;81,6;23,762376;-20,484462;17,620094;83;165
404,pgm;4;0;1;0,07958;7,522581;77;51,094737;52,898246;80;76;-28,905263;-23,101754;140;144
405,pgm;5;2462;2135;2,060472;13,626968;92;48,631884;49,782609;47,761149;50,348053;0,870735;-0,565444;169;174
406,pgm;6;1398;3024;1,652226;12,117715;80;56,422442;48,148515;59,545228;48,890547;-3,122786;-0,742032;138;163
407,pgm;7;0;1;0,07958;10,148092;79;58,735099;51,112583;79;80;-20,264901;-28,887417;154;148
408,pgm;8;2093;0;1,177766;12,403169;0;34,121951;57,825203;23,226469;47,157191;10,895482;10,668013;177;66
409,pgm;9;0;917;0,993576;13,852417;107;61,938865;34,716157;80,476554;36,069793;-18,537689;-1,353636;41;187
410,pgm;0;198;1172;1,106218;13,385219;65;51,349398;54,008032;64,558394;57,787591;-13,208997;-3,779559;115;131
411,pgm;1;3259;3429;1,05667;2,848659;82;49,375796;46,394904;51,37515;48,353319;-1,999353;-1,958415;157;156
412,pgm;2;0;1733;1,074947;13,125302;86;55,853741;54,812925;81,487017;46,030583;-25,633275;8,782342;157;134
413,pgm;3;0;1016;1,762348;12,833009;98;52,973154;50,969799;66,791339;38,872047;-13,818184;12,097751;163;131
414,pgm;4;290;16;1,065225;5,965094;81;57,474916;50,053512;42,839869;83,052288;14,635047;-32,998776;139;158
415,pgm;5;1659;3353;1,900834;11,23697;87;50,321937;49,247863;56,562849;50,283719;-6,240912;-1,035856;202;147
416,pgm;6;2210;3305;1,386695;10,164094;71;53,905199;49,929664;56,403445;44,366092;-2,498246;5,563571;174;152
417,pgm;7;0;1;0,07958;12,713278;61;57,05364;53,559387;97;58;-39,94636;-4,440613;146;114
418,pgm;8;1576;0;1,528781;12,114798;0;30,758893;55,711462;19,446701;48,685279;11,312193;7,026183;184;66
419,pgm;9;258;1667;1,194731;11,298379;110;55,876923;34,384615;66,469091;27,361039;-10,592168;7,023576;67;191
420,pgm;0;0;1;0,07958;12,993659;69;48,773946;49,743295;91;39;-42,226054;10,743295;124;135
421,pgm;1;3361;3516;1,133686;2,448863;82;51,472843;47,916933;51,099026;48,8764;0,373818;-0,959467;150;161
422,pgm;2;0;1735;0,977708;15,087381;40;53,194553;62,762646;77,169452;64,705476;-23,9749;-1,94283;165;90
423,pgm;3;0;615;1,071545;14,870192;100;55,093985;46,229323;71,936585;24,868293;-16,8426;21,361031;108;156
424,pgm;4;135;961;1,098506;11,626788;85;57,268852;44,190164;61,153285;68,49635;-3,884432;-24,306186;109;193
425,pgm;5;2202;3273;2,076837;13,776673;89;51,820106;47,417989;54,416621;47,424475;-2,596515;-0,006485;184;191
426,pgm;6;2405;3672;1,391711;10,894204;72;51,715942;48,15942;56,690143;47,265592;-4,974201;0,893829;167;176
427,pgm;7;0;1;0,07958;7,641064;80;59,702206;50,830882;87;75;-27,297794;-24,169118;128;143
428,pgm;8;2723;0;1,21623;12,105623;0;34,76779;54,996255;25,385971;45,944179;9,381819;9,052075;185;79
429,pgm;9;0;1;0,07958;15,26897;127;56,128405;34,505837;93;41;-36,871595;-6,494163;65;192
430,pgm;0;0;2048;1,045107;12,892993;89;59,950192;56,241379;75,454102;60,264648;-15,50391;-4,023269;119;139
431,pgm;1;2538;3045;1,085809;3,236519;65;51,387681;48,148551;52,165861;48,489522;-0,778179;-0,340971;133;142
432,pgm;2;0;374;1,396051;11,316284;26;58,337778;51,728889;84,612299;57,131016;-26,274522;-5,402127;85;137
433,pgm;3;0;262;1,167576;13,695499;65;59,826484;44,584475;78,885496;34,763359;-19,059012;9,821116;58;159
434,pgm;4;578;208;1,137607;12,947133;66;57,060897;55,192308;43,340967;73,482188;13,719931;-18,289881;147;164
435,pgm;5;2992;3204;1,903763;13,199943;80;49,761039;50,21039;50,560846;51,05326;-0,799807;-0,842871;193;190
436,pgm;6;2184;3016;1,738039;14,638601;77;49,548571;47,374286;54,021538;46,510769;-4,472967;0,863516;188;159
437,pgm;7;0;1;0,07958;10,36576;65;55,446494;50,298893;92;75;-36,553506;-24,701107;122;148
438,pgm;8;2328;0;1,340141;12,949123;0;34,722846;54,074906;24,278351;43,616409;10,444496;10,458497;184;81
439,pgm;9;475;2446;1,133788;9,37061;83;56,715867;37,413284;65,728518;34,747004;-9,01265;2,66628;90;179
440,pgm;0;0;2019;1,047229;15,016551;107;51,600694;45,552083;76,403665;44,846954;-24,802971;0,705129;89;187
441,pgm;1;2127;3007;1,294621;2,939871;77;53,746667;50,136667;54,621932;49,625049;-0,875266;0,511618;145;153
442,pgm;2;123;2294;1,201138;13,283697;68;49,943709;59,592715;69,470832;62,001655;-19,527123;-2,40894;184;115
443,pgm;3;0;688;1,374256;12,256499;95;53,951724;52,251724;71,449128;30,498547;-17,497404;21,753178;120;169
444,pgm;4;369;0;1,149271;7,85576;56;53,595833;56,679167;30,03252;68,829268;23,563313;-12,150102;127;112
445,pgm;5;879;1949;1,829801;11,014874;68;55,911538;43,634615;58,87447;43,580622;-2,962931;0,053993;94;161
446,pgm;6;1831;2351;1,105231;8,186965;49;48,842324;49,780083;51,129364;47,431133;-2,28704;2,34895;132;108
447,pgm;7;0;1;0,07958;9,993013;68;59,666667;46,510288;92;66;-32,333333;-19,489712;101;139
448,pgm;8;1191;0;1,404841;10,317877;14;34,153543;55,952756;17,559194;43,788413;16,594349;12,164343;185;66
449,pgm;9;0;1;0,07958;13,617236;100;50,368664;36,24424;83;45;-32,631336;-8,75576;64;151
450,pgm;0;8;1617;1,191787;12,667783;93;58,164751;45,781609;72,172923;58,594462;-14,008172;-12,812852;88;169
451,pgm;1;2874;2827;1,157809;4,445986;79;50,611111;47,916667;49,934573;47,554113;0,676538;0,362553;136;151
452,pgm;2;0;1038;1,502663;11,02532;90;61,653571;52,357143;81,766859;38,543353;-20,113288;13,81379;123;157
453,pgm;3;0;522;1,127533;14,187498;89;55,72449;47,816327;59,599617;26,312261;-3,875127;21,504066;57;139
454,pgm;4;598;0;1,030545;7,020042;69;51,74717;60,675472;21,401338;72,374582;30,345832;-11,69911;150;115
455,pgm;5;1926;1575;2,43056;13,189485;33;45,186544;55,556575;45,986575;57,071694;-0,800031;-1,515119;201;121
456,pgm;6;1950;2829;1,913662;10,80574;75;50,760933;49,848397;55,42059;47,568529;-4,659657;2,279868;192;148
457,pgm;7;0;1;0,07958;8,281473;70;57,812;57,956;75;86;-17,188;-28,044;137;113
458,pgm;8;2080;0;1,469778;12,603957;0;33,686047;55,589147;24,663942;47,083173;9,022104;8,505974;191;64
459,pgm;9;0;1071;0,932072;12,240725;117;57,432432;33,783784;74,466853;31,588235;-17,034421;2,195548;48;172
460,pgm;0;0;569;1,083069;9,814436;124;58,686833;46,985765;63,655536;27,209139;-4,968703;19,776626;124;156
461,pgm;1;3205;3230;1,242719;3,576661;80;49,015674;50,454545;50,630303;51,03683;-1,614629;-0,582284;161;156
462,pgm;2;0;1120;1,200803;10,991723;105;56,715254;50,230508;70,196429;31,09375;-13,481174;19,136758;132;162
463,pgm;3;0;414;1,292499;16,062283;100;51,070539;46,672199;61,270531;22,608696;-10,199992;24,063504;90;150
464,pgm;4;831;0;1,137771;10,17772;69;53,527972;55,727273;30,949458;71,504212;22,578514;-15,776939;154;132
465,pgm;5;2136;1647;2,113903;13,856888;62;46,047319;49,189274;46,099128;48,275707;-0,051809;0,913567;145;164
466,pgm;6;1950;3054;1,202683;6,506567;85;52,092025;46,509202;55,510392;44,606315;-3,418367;1,902888;168;156
467,pgm;7;0;1;0,07958;9,194748;71;60,790875;58,019011;65;92;-4,209125;-33,980989;150;110
468,pgm;8;2348;506;1,126526;9,581547;44;42,761506;55,079498;36,040294;49,947092;6,721212;5,132406;149;88
469,pgm;9;0;1;0,07958;10,249813;99;59,295964;36,64574;93;29;-33,704036;7,64574;57;164
470,pgm;0;0;1;0,07958;10,408897;104;55,831081;48,881757;67;89;-11,168919;-40,118243;143;152
471,pgm;1;2321;2901;1,062121;2,377567;70;53,431818;48,143939;53,315588;48,701072;0,11623;-0,557133;124;139
472,pgm;2;0;50;0,994748;11,076732;46;59,922018;48,802752;85,6;29,48;-25,677982;19,322752;89;125
473,pgm;3;0;1;0,07958;11,516803;54;55,898396;42,882353;52;57;3,898396;-14,117647;60;124
474,pgm;4;586;8;0,922938;8,794694;60;53,484;54,42;34,93771;82,632997;18,54629;-28,212997;114;133
475,pgm;5;2536;1847;2,340024;15,477119;110;47,456825;48,618384;45,000913;49,031029;2,455912;-0,412645;175;181
476,pgm;6;2067;1661;1,882955;9,712994;86;48,819048;48,457143;48,295333;43,088251;0,523715;5,368892;150;164
477,pgm;7;0;1;0,07958;8,458867;69;57,736462;54,415162;93;72;-35,263538;-17,584838;120;156
478,pgm;8;1981;0;1,272795;12,046441;0;33,306513;51,524904;22,148915;42,389197;11,157599;9,135707;177;82
479,pgm;9;0;961;1,293897;14,844465;129;54,902344;32,390625;76,290323;23,422477;-21,387979;8,968148;76;178
480,pgm;0;0;344;1,101394;13,909427;60;54,257951;58,611307;61,761628;49,075581;-7,503677;9,535726;144;132
481,pgm;1;2890;3143;0,926321;2,065822;72;51,528302;49,075472;51,754848;49,66849;-0,226546;-0,593018;131;132
482,pgm;2;0;203;1,101181;10,145575;79;60,798479;44,562738;84,714286;18,990148;-23,915807;25,57259;102;159
483,pgm;3;0;1;0,07958;12,496261;81;47,261993;57,730627;51;68;-3,738007;-10,269373;141;129
484,pgm;4;138;0;0,922665;7,109191;68;59,841667;52,816667;36,456522;75,855072;23,385145;-23,038406;99;140
485,pgm;5;1296;2373;2,165855;12,969088;78;52,268987;48,506329;55,524394;48,962933;-3,255406;-0,456604;187;127
486,pgm;6;1513;2972;1,502541;9,297112;73;54,9699;47,762542;58,928874;46,816276;-3,958974;0,946265;157;140
487,pgm;7;0;1;0,07958;12,542134;53;57,37247;52,08502;90;77;-32,62753;-24,91498;113;131
488,pgm;8;2470;0;1,263096;10,973967;0;37,7;56,716;28,069231;49,271255;9,630769;7,444745;175;72
489,pgm;9;0;997;1,111404;13,5807;80;57,43578;41,889908;73,664995;42,066199;-16,229215;-0,17629;53;162
490,pgm;0;325;1753;1,146172;13,01044;83;58,015094;48,237736;61,826275;64,756978;-3,811181;-16,519242;93;170
491,pgm;1;2890;3143;0,926321;2,065822;72;51,528302;49,075472;51,754848;49,66849;-0,226546;-0,593018;131;132
492,pgm;2;0;2730;1,37265;11,006601;112;60,167742;48,96129;73,979121;49,472894;-13,811379;-0,511603;151;158
493,pgm;3;0;1;0,07958;12,496261;81;47,261993;57,730627;51;68;-3,738007;-10,269373;141;129
494,pgm;4;0;1;0,07958;12,014623;70;54,023729;51,833898;86;80;-31,976271;-28,166102;147;146
495,pgm;5;2328;2077;2,446542;13,011199;68;49,366848;53,61413;49,655392;54,685131;-0,288544;-1,071;188;176
496,pgm;6;906;2168;1,630972;10,452663;69;54,122642;48,09434;63,794405;41,371178;-9,671763;6,723162;138;176
497,pgm;7;0;1;0,07958;13,675155;81;49,505882;53,608824;62;87;-12,494118;-33,391176;184;153
498,pgm;8;2623;0;1,153649;11,293836;0;34,811765;56,74902;25,065955;49,834541;9,74581;6,914479;176;76
499,pgm;9;0;1;0,07958;9,757346;78;61,795082;41,344262;96;42;-34,204918;-0,655738;82;159
500,pgm;0;0;1;0,07958;11,334706;53;51,37247;56,129555;86;58;-34,62753;-1,870445;127;117
501,pgm;1;3130;3451;0,901231;4,249927;78;52,300366;51,985348;51,883604;51,960796;0,416762;0,024552;135;136
502,pgm;2;0;1990;1,210733;16,213718;109;63,320285;56,44484;79,236683;38,838693;-15,916399;17,606146;106;175
503,pgm;3;0;564;1,555616;13,256633;144;57,771277;46,210106;82,402482;21,150709;-24,631206;25,059397;147;226
504,pgm;4;32;0;0,994748;6,767967;68;50,006873;57,178694;18,8125;71,75;31,194373;-14,571306;131;160
505,pgm;5;2399;2926;1,947591;13,005556;76;49,601108;46,33241;50,981596;46,656901;-1,380488;-0,324491;176;182
506,pgm;6;2462;2822;1,730771;9,512207;71;52,918605;50,363372;54,123581;44,639099;-1,204976;5,724273;180;158
507,pgm;7;0;1;0,07958;12,765082;71;57,473684;55,919505;80;84;-22,526316;-28,080495;168;154
508,pgm;8;2535;0;1,062822;14,77708;0;40,868726;49,227799;26,040237;39,375937;14,828489;9,851862;138;117
509,pgm;9;0;1;0,07958;9,757346;78;61,795082;41,344262;96;42;-34,204918;-0,655738;82;159
510,pgm;0;0;1;0,07958;15,126661;140;60,070313;45,792969;94;40;-33,929688;5,792969;88;167
511,pgm;1;2117;3065;0,975229;3,62391;64;52,815094;49,354717;55,873022;50,414512;-3,057928;-1,059795;135;128
512,pgm;2;0;1020;1,238636;12,235341;42;53,464684;60,799257;80,819608;58,898039;-27,354924;1,901217;154;108
513,pgm;3;0;394;1,493838;15,206359;119;59,694444;46,535714;79,862944;22,51269;-20,1685;24,023024;86;161
514,pgm;4;737;1609;0,980331;11,524622;90;55,357143;48,327068;57,52728;66,238278;-2,170138;-17,91121;106;158
515,pgm;5;1441;2736;2,074753;12,24045;97;53,554545;50,057576;57,773282;50,235097;-4,218737;-0,177521;190;138
516,pgm;6;2214;3240;1,726652;12,233809;73;51,840782;49,226257;56,117345;47,698387;-4,276563;1,52787;191;165
